Cliente,Nombre 1,Nombre 2,Calle,CP,Población
9100681586,AREA TRUCK ( SHELL ),AREA TRUCK ( SHELL ),CARRER SUSQUEDA 18,08500,VIC
9100673632,AREA VIC BP,AREA VIC BP,Carrer Torelló 57,08500,VIC
9100648495,ZONA DIESEL URBAN,ZONA DIESEL URBAN,CALLE MATARO S/N,08500,VIC
9100642823,CAFETERIA PRADALS,CAFETERIA PRADALS,CTRA. SANT HIPÒLIT 61,08500,VIC
9100684868,AURIAL PADEL,AURIAL PADEL,Carrer de Figueres 14,08500,VIC
9100582033,HOSPITAL DE VIC CAFETERIA,HOSPITAL DE VIC CAFETERIA,Carrer de Francesc Pla el Vigatà 1,08500,VIC
9100579835,"PANIFICADORA VIC, S.A.","PANIFICADORA VIC, S.A.",Carrer del Mas de la Móra 9,08500,VIC
9100577691,"BOTANIC & FRUITS, S.L.","BOTANIC & FRUITS, S.L.",Carrer Santiago Ramon y Cajal 93,08500,VIC
9100579841,TALLER MECANIC DAVID HOMS,TALLER MECANIC DAVID HOMS,Carrer de Lleida 35,08500,VIC
9100577732,CAL MARCEL-LI,CAL MARCEL-LI,Avinguda de Pius XII 11,08500,VIC
9100582097,HOSPITAL DE VIC CUINA,HOSPITAL DE VIC CUINA,Carrer de Francesc Pla el Vigatà 1,08500,VIC
9100669635,BAR UE VIC,BAR UE VIC,AVENIDA OLIMPIA S/N,08500,VIC
9100581337,BAR L'OLLA,BAR L'OLLA,CALLE DOCTOR JUNYENT 8,08500,VIC
9100399521,LA CAFE,LA CAFE,CALLE LA LLOTJA 9,08500,VIC
9100215822,CAFE VIC,CAFE VIC,Carrer del Pare Coll 2,08500,VIC
9100159640,FORN SANT MIQUEL,FORN SANT MIQUEL,Plaça Major 13,08500,VIC
9100411152,CINEMES SUCRE,CINEMES SUCRE,CALLE LA LLOTJA 9,08500,VIC
9100701789,MIREIA ESTEVEZ CABANILLAS,MIREIA ESTEVEZ CABANILLAS,Carrer de Pruit S/N,08500,VIC
9100661094,LA GRANJA BAR,LA GRANJA BAR,Carrer del Bisbe Morgades 31,08500,VIC
9100642838,INDIA RAMBLA,INDIA RAMBLA,RAMBLA HOSPITAL 44,08500,VIC
9100664901,CANTINA IES VIC ST TOMAS,CANTINA IES VIC ST TOMAS,Avinguda de Sant Bernat Calbó 8,08500,VIC
9100723046,Vilar Riba - Vic,Vilar Riba - Vic,Carrer de Solsona 2,08500,VIC
9100700207,CA LA MEI,CA LA MEI,Rambla del Carme 35,08500,VIC
9100592884,LA TAGLIATELLA POLIGON,LA TAGLIATELLA POLIGON,MANLLEU 54,08500,VIC
9100577728,LLAR JUVENIL,LLAR JUVENIL,CALLE PIUS XII 20,08500,VIC
9100416412,RESTAURANT ELS PERNILS,RESTAURANT ELS PERNILS,CALLE RIPOLL 67,08500,VIC
9100353302,BAR PIRINEO,BAR PIRINEO,AVENIDA ESTADI 13,08500,VIC
9100159004,FORN ESTADI,FORN ESTADI,AVENIDA PIUS XII 18,08500,VIC
9100158975,FORN DE PA EL REMEI,FORN DE PA EL REMEI,CALLE RAIMON D'ABADAL 23,08500,VIC
9100158925,VINS I BEGUDES REMEI,VINS I BEGUDES REMEI,CALLE VIRREI AVILES 28,08500,VIC
9100135277,MIRAMARGES  JOSEP ILLAMOLA VILALTA,MIRAMARGES  JOSEP ILLAMOLA VILALTA,CALLE MIRAMARGES 1,08500,VIC
9100059229,AREA DELS PARDALS-GASOLI,AREA DELS PARDALS-GASOLI,CALLE SABADELL 04-jun,08500,VIC
9100058850,BAR LA PISTA,BAR LA PISTA,CALLE SOLEDAT 4,08500,VIC
9100689904,CELLER DE VIC,CELLER DE VIC,ESCOLA 12,08500,VIC
9100617812,CAFETERIA VIVARI,CAFETERIA VIVARI,RAMBLA PASSEIG 10,08500,VIC
9100563642,FORN SANT ALBERT,FORN SANT ALBERT,Carrer de Gurb 36,08500,VIC
9100492927,PIZZERIA TOSCANA,PIZZERIA TOSCANA,CALLE TORELLO 25,08500,VIC
9100374429,LA TAVERNA D'EN NORTON,LA TAVERNA D'EN NORTON,PLAZA PES 6,08500,VIC
9100343446,RESTAURANTE SOFIA,RESTAURANTE SOFIA,RODA 95,08500,VIC
9100253034,CAFETERIA ATREZZO,CAFETERIA ATREZZO,CALLE ERMITA DE SANT SIXT 11,08500,VIC
9100197987,CAN BERNAT,CAN BERNAT,AVENIDA SANT BERNAT CALBO 23,08500,VIC
9100192841,"CAF# DE LES LLETRES, S.C.P","CAF# DE LES LLETRES, S.C.P",CALLE SANTA JOAQUIMA DE VEDRUNA 29,08500,VIC
9100159002,ASSOCIACIO CULTURAL SAGALS D'OSONA,ASSOCIACIO CULTURAL SAGALS D'OSONA,Carretera de Manlleu 7,08500,VIC
9100158946,FORN DEL CARME,FORN DEL CARME,RAMBLA DAVALLADES 21,08500,VIC
9100158856,FORN CATALUNYA,FORN CATALUNYA,CALLE DOCTOR JUNYENT S/N,08500,VIC
9100158828,FORN PUJOLS,FORN PUJOLS,CALLE MANLLEU 5,08500,VIC
9100158696,LLAVORS I CEREALS FONT,LLAVORS I CEREALS FONT,CARRETERA PRATS DE LLUÇANES 2,08500,VIC
9100152300,B&B,B&B,CALLE LA LLOTJA 3,08500,VIC
9100081422,PIZZERIA BRASERIA LA FLAMA,PIZZERIA BRASERIA LA FLAMA,CALLE RIERA 5,08500,VIC
9100059399,GRANJA XOCOLATERIA''LA CLAU,GRANJA XOCOLATERIA''LA CLAU,PLAZA SANTS MARTIRS 12,08500,VIC
9100636961,Bar La Parada c/ bisbe morgades,Bar La Parada c/ bisbe morgades,CALLE BISBE MORGADES 36,08500,VIC
9100389358,BAR BOHEMI,BAR BOHEMI,PLAZA PIETAT 8,08500,VIC
129963,TACO BELL VIC,TACO BELL VIC,Carretera de Manlleu 90,08500,VIC
129963,TACO BELL VIC,TACO BELL VIC,Carretera de Manlleu 90,08500,VIC
9100160118,HOTEL BALMES,HOTEL BALMES,CALLE FRANCESC PLA EL VIGATA 6,08500,VIC
9100579824,"PULIT, S.A","PULIT, S.A",Carretera de Roda 61,08500,VIC
9100738149,JAUME COSTA,JAUME COSTA,Plaça de la Pietat 1,08500,VIC
9100058481,GARBI 1 CAFET. ALIMENTACIO,GARBI 1 CAFET. ALIMENTACIO,RONDA FRANCESC CAMPRODON 5,08500,VIC
9100058670,FUSSIMANYA ESTADI,FUSSIMANYA ESTADI,CALLE TAGAMANENT 1,08500,VIC
9100554547,BAR SANTA ANNA,BAR SANTA ANNA,AVENIDA PAISOS CATALANS 82,08500,VIC
9100206312,E.S VIC,E.S VIC,Carretera de Roda 97,08500,VIC
9100649610,BAR REST EL TAST,BAR REST EL TAST,RAMON SALA I SAÇALA 15,08500,VIC
9100666666,LUCKY,LUCKY,Rambla de Sant Domènec 1,08500,VIC
9100678356,ALASKA BAR,ALASKA BAR,Carrer de Manuel Serra i Moret 4,08500,VIC
9100735783,SARABÀ,SARABÀ,Carrer de Mataró 5,08500,VIC
9100737400,Bar Gat Negre,Bar Gat Negre,Avinguda de l'Abat Marcet 251,08225,TERRASSA
9100153533,ICE CUSTOM,"GRUPO ESPAI CUSTOM, SL",Carrer de Berenguer III S/N,08100,MOLLET DEL VALLES
9100423445,BAR LA MARTINA,BAR LA MARTINA,CALLE BERENGUER III 58,08100,MOLLET DEL VALLÈS
9100505447,PRATS PA (ILLA),PRATS PA (ILLA),Plaça Major 9,08100,MOLLET DEL VALLES
9100138634,EUROMED SA,EUROMED SA,CALLE REC DE DALT 21-23,08100,MOLLET DEL VALLES
9100228193,TALLERS CAN MULA,TALLERS CAN MULA,AVENIDA RAFAEL CASANOVA 8,08100,MOLLET DEL VALLES
9100519725,MARIA LUISA MUÑOZ CARO,MARIA LUISA MUÑOZ CARO,CALLE FRANCESC FERRER I GUARDIA 9,08100,MOLLET DEL VALLÈS
9100519746,SUSANA CARRASCO PALACINO,SUSANA CARRASCO PALACINO,CALLE JOAQUIM MIR 49,08100,MOLLET DEL VALLÈS
9100610435,Bar 4 Puertas,Bar 4 Puertas,Carrer de Can Flequer 17,08100,MOLLET DEL VALLES
9100621276,BAR NIKOL,BAR NIKOL,Via de Ronda 73,08100,MOLLET DEL VALLÈS
9100622784,INDUSTRIAS QUIMICAS DEL VALLES,INDUSTRIAS QUIMICAS DEL VALLES,CALLE RAFAEL CASANOVAS 81,08100,MOLLET DEL VALLES
9100623018,CAL DIBUIXANT,CAL DIBUIXANT,PLAZA PRAT DE LA RIBA 21,08100,MOLLET DEL VALLES
9100632834,ANDALUS,ANDALUS,RAMBLA DE BALMES 16,08100,MOLLET DEL VALLES
9100639237,BAR OLIMPIC MOLLET,BAR OLIMPIC MOLLET,AVENIDA BURGOS 63,08100,MOLLET DEL VALLES
9100646097,HOPS,HOPS,PLAZA PRAT DE LA RIBA 20,08100,MOLLET DEL VALLES
9100646795,FUSSION,FUSSION,PLAZA CATALUNYA 9,08100,MOLLET DEL VALLES
9100653307,HOLA K TAL,HOLA K TAL,Carrer de Joaquim Mir 53,08100,MOLLET DEL VALLES
9100686742,BAR CRISTASOL  (Kebab Esquina),BAR CRISTASOL  (Kebab Esquina),Carrer de Joan Maragall 19,08100,MOLLET DEL VALLES
9100688668,Kisema,Kisema,Carrer de Gallecs 71,08100,MOLLET DEL VALLES
9100055962,LOS EXTREMEÑOS,JOAN Y JOSEP SCP,RONDA 7,08100,MOLLET DEL VALLES
9100654473,JUAN MANUEL PEREZ SIERRA,JUAN MANUEL PEREZ SIERRA,CALLE CAN PARERA 22,08100,MOLLET DEL VALLES
9100687896,IBERICUS CENTRAL,IBERICUS CENTRAL,CALLE PROVENÇA 200,08226,TERRASSA
9100646871,IBERICUS CENTRAL,IBERICUS CENTRAL,CALLE PROVENÇA 200,08226,TERRASSA
9100646871,IBERICUS CENTRAL,IBERICUS CENTRAL,CALLE PROVENÇA 200,08226,TERRASSA
9100565225,PISCINAS LES CREMADES,PISCINAS LES CREMADES,CALLE LAS CREMADES S/N,08140,CALDES DE MONTBUI
9100582098,HOSPITAL DE MANLLEU CUINA,HOSPITAL DE MANLLEU CUINA,CARRETERA D'OLOT 7,08560,MANLLEU
9100582039,ANGEL BRUGUERA FONT,ANGEL BRUGUERA FONT,LUGAR BRUGUERA S/N,08560,MANLLEU
9100453364,TANCAMENTS USART-COMA,TANCAMENTS USART-COMA,Carrer de Doña Blanca 168,08560,MANLLEU
9100582034,HOSPITAL DE MANLLEU CAFETERIA,HOSPITAL DE MANLLEU CAFETERIA,Carretera d'Olot 7,08560,MANLLEU
9100160021,CANSALADERIA MOLIST,CANSALADERIA MOLIST,CALLE DOCTOR FLEMING 20,08560,MANLLEU
9100158833,CREPERIA,CREPERIA,Plaça de Fra Bernadí 32,08560,MANLLEU
9100681243,XAVIER LOPEZ CUINA SENSORIAL,XAVIER LOPEZ CUINA SENSORIAL,CARRER PINTOR GUARDIA 6,08560,MANLLEU
9100494906,JAUME GIL MARES,JAUME GIL MARES,Carretera d'Olot 50,08560,MANLLEU
9100698675,GUERMAN KAZANNIKOV KAZANNIKOV,GUERMAN KAZANNIKOV KAZANNIKOV,Carrer de Vélez Rubio 12,08918,BADALONA
118470,SALA GRANOLLERS (TORRES) – CIRSA,SALA GRANOLLERS (TORRES) – CIRSA,TORRES I BAGES 1-3,08402,GRANOLLERS
118470,SALA GRANOLLERS (TORRES) – CIRSA,SALA GRANOLLERS (TORRES) – CIRSA,TORRES I BAGES 1-3,08402,GRANOLLERS
9100614413,CAFE ORIENT EXPRESS,CAFE ORIENT EXPRESS,Carrer d'Apel·les Mestres 2,08402,GRANOLLERS
9100626587,JAVIS 3,JAVIS 3,CALLE MONTSENY 10,08402,GRANOLLERS
9100629896,EMPANADA CLUB,EMPANADA CLUB,CALLE SANT ROC 19,08402,GRANOLLERS
9100630014,GRANA BAR BY DUMAS,GRANA BAR BY DUMAS,PLAZA JOSEP SERRAT I BONASTRE S/N,08402,GRANOLLERS
9100638648,BAR RESTAURANTE CAL DAVID,BAR RESTAURANTE CAL DAVID,Carrer d'Emili Botey Alsina 22,08402,GRANOLLERS
9100639032,RESTAURANTE GRAN MURALLA,RESTAURANTE GRAN MURALLA,Carrer de Girona 90,08402,Granollers
9100647947,PAREDES 4,PAREDES 4,AVENIDA SANT ESTEVE 35,08402,GRANOLLERS
9100702482,TAPES GRANOLLERS PICA VINS,TAPES GRANOLLERS PICA VINS,Carrer de Girona 4,08402,GRANOLLERS
127151,SALON GRANOLLERS MACIA - CIRSA,SALON GRANOLLERS MACIA - CIRSA,CALLE FRANCESC DE MACIÃ€ I LLUSS 44,08402,GRANOLLERS
127151,SALON GRANOLLERS MACIA - CIRSA,SALON GRANOLLERS MACIA - CIRSA,CALLE FRANCESC DE MACIÃ€ I LLUSS 44,08402,GRANOLLERS
9100226319,BUSSINETS DE CUINA,BUSSINETS DE CUINA,CALLE CONESTABLE DE PORTUGAL 13,08402,GRANOLLERS
9100621389,BAR LA CANTINA,BAR LA CANTINA,CALLE EMILI BOTEY ALSINA 24,08402,GRANOLLERS
9100651895,KUMAR DONNER KEBAB PIZZERIA,KUMAR DONNER KEBAB PIZZERIA,Rambla Josep Tarradellas 5,08402,GRANOLLERS
9100696143,LOS TERESITOS,LOS TERESITOS,Carrer Llevant 2,08110,MONTCADA I REIXAC
9100772092,Roberto Ferrando Martínez,Roberto Ferrando Martínez,Passeig del Pitort 103,08860,CASTELLDEFELS
9100378510,BAR LA CAVERNA,BAR LA CAVERNA,ARAGON 12,08520,FRANQUESES DEL VALLES (LES)
9100432797,FLECA BRETCHA (CORRO D'AVALL),FLECA BRETCHA (CORRO D'AVALL),"CARRETERA DE RIBES, N-152 131",08520,LES FRANQUESES DEL VALLÈS
9100373615,EL FORNET (GRANOLLERS),EL FORNET (GRANOLLERS),CALLE SANTA ESPERAN#A 11,08401,GRANOLLERS
9100042719,EL MIRALLET,EL MIRALLET,PLAZA PORXADA 39,08401,GRANOLLERS
9100291002,CELLER DEL FERRER,CELLER DEL FERRER,CALLE JOAN PRIM 177,08401,GRANOLLERS
9100469494,BAR EL VERMUTILLO II,BAR EL VERMUTILLO II,CALLE SANT JOSEP 5,08401,GRANOLLERS
9100620561,FORNO DI CAFFE VIVALDI,FORNO DI CAFFE VIVALDI,CALLE DE CORRO 192,08401,GRANOLLERS
9100629126,DONNER POMPEU FABRA,DONNER POMPEU FABRA,Carrer de Pompeu Fabra 15,08401,GRANOLLERS
9100645312,IBERICUS GRANOLLERS,IBERICUS GRANOLLERS,CALLE SANT ROC 29,08401,GRANOLLERS
9100645312,IBERICUS GRANOLLERS,IBERICUS GRANOLLERS,CALLE SANT ROC 29,08401,GRANOLLERS
9100731938,LA PEDREGADA,LA PEDREGADA,Avinguda del camí de la fontsan S/N,08572,SANT PERE DE TORELLÓ
9100694999,EL BISTROT DEL FIRAL,EL BISTROT DEL FIRAL,Plaça Sant Fortià 2,08570,TORELLÓ
9100613076,LOS CUESTAS,LOS CUESTAS,Carrer Joaquim Blume 13,08105,SANT FOST DE CAMPSENTELLES
9100615213,CLUB ESPORTIU LLIÇA D'AMUNT,CLUB ESPORTIU LLIÇA D'AMUNT,AVENIDA PAISOS CATALANS S/N,08186,LLIÇÀ D'AMUNT
9100617121,BAR PICASSO,BAR PICASSO,PLAZA PAU PICASSO 9,08170,MONTORNÈS DEL VALLÈS
9100622604,VALLES DONER KEBAB,VALLES DONER KEBAB,Avinguda de l'Onze de Setembre 36,08170,MONTORNÈS DEL VALLÈS
9100626406,BAR STARS,BAR STARS,PLAZA MOSSEN PERE BATLLE 9,08150,PARETS DEL VALLES
9100641568,LA GIRALDA,LA GIRALDA,Carrer de Joan XXIII 4,08107,MARTORELLES
9100642392,UBOX 2015,UBOX 2015,Passeig de la Conca de Besòs 33,08403,GRANOLLERS
9100643360,Madow Shisha Lounge,Madow Shisha Lounge,Carrer d'Anselm Clavé 70,08186,LLIÇÀ D'AMUNT
9100645053,RESTAURANTE EL CAU,RESTAURANTE EL CAU,B-500 Km 6,08105,SANT FOST DE CAMPSENTELLE
9100650953,AMBIGU,AMBIGU,Carrer Major 64,08170,MONTORNÈS DEL VALLÈS
9100650976,JJ BAR,JJ BAR,Avinguda de la Mare de Déu de Mo 26,08170,MONTORNÈS DEL VALLÈS
9100651605,PIZZERIA KEBAB MIL.LENARI,PIZZERIA KEBAB MIL.LENARI,PLAZA MIL.LENARI 8,08160,MONTMELÓ
9100652617,PADEL INDOOR GRANOLLERS,PADEL INDOOR GRANOLLERS,Avinguda de Sant Julià 201,08403,GRANOLLERS
9100669500,Bar Restaurant Tres Roses,Bar Restaurant Tres Roses,Carrer de Mary Santpere 1,08150,PARETS DEL VALLES
9100683728,KIWI,KIWI,Carrer Lluís Companys 4,08160,MONTMELÓ
9100700812,SUPER NABILA PARETS,SUPER NABILA PARETS,Carrer de Conestable de Portugal 8,08150,PARETS DEL VALLES
9100735784,LA DISCO VIG,LA DISCO VIG,Avinguda de la Ribera 6,08503,GURB
9100658240,BAR CAMP FUTBOL ST PERE TORELLO,BAR CAMP FUTBOL ST PERE TORELLO,Carretera BV-5224 1,08572,SANT PERE DE TORELLÓ
9100670575,EL REBOST DE L'ISABEL,EL REBOST DE L'ISABEL,Carrer Matagalls 75,08508,LES MASIES DE VOLTREGÀ
9100742665,EL 9 LLAC,EL 9 LLAC,CARRETERA N260 KM.118 KM 118,17534,RIBES DE FRESER
9100159110,FORN PUIGVENDRELLO,FORN PUIGVENDRELLO,CALLE BARCELONA 10,08551,TONA
9100121555,FUTBOL STA. EULALIA,FUTBOL STA. EULALIA,CALLE NOU S/N,08505,SANTA EULÀLIA DE RIUPRIMER
9100529186,BAR CAMP FUTBOL ST VICENÇ TORELLO,BAR CAMP FUTBOL ST VICENÇ TORELLO,CALLE VILAMITJANA S/N,08571,SANT VICENÇ DE TORELLÓ
9100528087,CAL JUTGE,CAL JUTGE,CALLE GRACIA 12,08573,ORÍS
9100517311,CASAL GENT GRAN ST.VICENÇ TORELLO,CASAL GENT GRAN ST.VICENÇ TORELLO,PLAZA CAL FERRER 14,08571,SANT VICENÇ DE TORELLÓ
9100513817,FERRO,FERRO,Carrer del Ter 172,08570,TORELLÓ
9100378362,BAR CASAL ST. VICEN#,BAR CASAL ST. VICEN#,CALLE MAJOR 4,08571,SANT VICEN# DE TORELLO
9100369663,RESTAURANT LA BISAURA,RESTAURANT LA BISAURA,CARRETERA VIDRA 2,08580,SANT QUIRZE DE BESORA
9100281570,ENGRUNA POUSA,ENGRUNA POUSA,CALLE CAN CASARRAMONA 26,08570,TORELLÓ
9100159884,FORN CAN COMA,FORN CAN COMA,CARRETERA BERGA 31,08580,SANT QUIRZE DE BESORA
9100159296,FORN PUJADES,FORN PUJADES,PLAZA LA SARDANA S/N,08570,TORELLÓ
9100126286,BAR TORNEM-HI,BAR TORNEM-HI,CALLE GIRONA 33,08570,TORELLÓ
9100122181,CAL NAN,CAL NAN,CALLE ENRIC PRAT DE LA RIBA 7,08570,TORELLÓ
9100110641,FONDA VILASECA,FONDA VILASECA,Carrer de Vila-Seca 12,08571,Vila-seca
9100577666,COCA DEL MOSSEN,COCA DEL MOSSEN,Avinguda de l'Atlàntida 8,08519,FOLGUEROLES
9100577666,COCA DEL MOSSEN,COCA DEL MOSSEN,Avinguda de l'Atlàntida 8,08519,FOLGUEROLES
9100282736,FORN ANTIGA CASA PRAT,FORN ANTIGA CASA PRAT,Carrer del Bisbe Castanyer 15,08572,SANT PERE DE TORELLÓ
9100572141,BAR DE LA BENZINERA,BAR DE LA BENZINERA,CARRETERA N-141 D S/N,08506,CALLDETENES
9100433466,RESTAURANT EL SANTUARI,RESTAURANT EL SANTUARI,CALLE MARQUES DE PALMEROLA 7,08508,LES MASIES DE VOLTREGÀ
9100220279,CELLER CALLDETENES,CELLER CALLDETENES,CALLE GRAN 1,08506,CALLDETENES
9100160124,BAR ESTACIO SERVEI FEIXES AULET ROD,BAR ESTACIO SERVEI FEIXES AULET ROD,Carrer d'en Bac de Roda 45,08510,RODA DE TER
9100397795,PADEL OSONA GURB,PADEL OSONA GURB,CALLE SANT ROC 29,08503,GURB
9100059032,RESTAURANT CAN JUBANY,RESTAURANT CAN JUBANY,CARRETERA SANT HILARI S/N,08506,CALLDETENES
9100122540,FRANKFURT ES-3,FRANKFURT ES-3,CALLE VERDAGUER 2,08572,SANT PERE DE TORELLÓ
9100255064,HOSTAL NOU,HOSTAL NOU,LUGAR HOSTAL NOU 1,08503,GURB
9100058278,PENSIO EL TREVOL,PENSIO EL TREVOL,CALLE SANT BARTOMEU 34,08570,TORELLÓ
9100577693,RESTAURANT LA FERRERIA,RESTAURANT LA FERRERIA,"AVENIDA BALNEARI, S/N S/N",08551,TONA
9100041762,RSTE. EL JARDI,RESTAURANT EL JARDI SL,MAJOR 1,08150,PARETS DEL VALLES
9100044050,SUPERMERCAT MAJOR,DHOTEHER SL,MAJOR 70,08170,MONTORNES DEL VALLES
9100054518,AGROBOTIGA DE GALLECS,AGROECOLÃGICA DE GALLECS SAT,"PORXO CAN XAMBRERS, S/N -",08104,GALLECS
9100184803,TANCAMENTS,TANCAMENTS,CALLE GARRAF 5,08185,LLI#A DE VALL
9100601539,CORBION,CORBION,CALLE GRAN VIAL 19-25,08160,MONTMELÓ
9100381913,LA ROCA VILLAGE RTE PASARELA (GVC),LA ROCA VILLAGE RTE PASARELA (GVC),Centro Comercial La Roca Villag S/N,08430,SANTA AGNES DE MALANYANES
9100579833,PASTISSERIA CROSSANDRA,PASTISSERIA CROSSANDRA,CALLE NURIA 12,08504,SANT JULIÀ DE VILATORTA
9100206314,ANTIC FORN RIERA CENTELLES,ANTIC FORN RIERA CENTELLES,CALLE SOCOS 20,08540,CENTELLES
9100648393,BAR TREBOL,BAR TREBOL,Carrer de Sant Agustí 13,08512,SANT HIPÒLIT DE VOLTREGÀ
9100597817,BIG BAG,BIG BAG,PLAZA VELLA 11,08570,TORELLÓ
9100652762,RESTAURANT CAL PAGES,RESTAURANT CAL PAGES,CALLE GES D'AVALL 4,08570,TORELLÓ
9100159533,RESTAURANT ELS AVETS,RESTAURANT ELS AVETS,Carrer Barcelona 1,08508,LES MASIES DE VOLTREGÀ
9100041008,BAR YUMEI II,BAR YUMEI II,Ponent 59,08400,GRANOLLERS
9100450636,CLUB PADEL MONTMELO,CLUB PADEL MONTMELO,CALLE FOLCH I TORRES S/N,08160,MONTMELÓ
9100468310,FLECA BRETCHA (LLIÇA DE MUNT),FLECA BRETCHA (LLIÇA DE MUNT),CARRETERA DE PARETS A BIGUES I KM 8,08186,LLIÇA DE MUNT
9100493210,CELLER DE CAN RODA,CELLER DE CAN RODA,BV-5006 5006,08106,SANTA MARIA DE MARTORELLES
9100299260,CHATARRAS MOLICAL  SL,CHATARRAS MOLICAL  SL,CALLE CARRERADA 1,08107,MARTORELLES
9100514207,SONIA FRANCAS SANTIAGO,SONIA FRANCAS SANTIAGO,CALLE DOCTOR FERRAN 3,08160,MONTMELÓ
9100055266,CASAL AVIS MASIA CAN CARRANCA JUNTA,CASAL AVIS MASIA CAN CARRANCA JUNTA,MASIA CAN CARRANCA S/N -,08107,MARTORELLES
9100042975,BAR CLEMEN'S,CLEMENTE JEREZ JUAN RAMON,JOANOT MARTORELL 32,08400,GRANOLLERS
9100281245,BONATAPA,CLOTETYELO SL,Avinguda de Catalunya 111,08150,PARETS DEL VALLES
9100054533,VENDES MAGATZEM,SIN ASIGNAR,CAN FENOSA 1-2 -,08107,MARTORELLES
9100268368,CAN MOREU,CAN MOREU SL,CALLE TORRENT DE CAN NINOU 1,08150,PARETS DEL VALLES
9100054998,EUROPA BAR,EUROPA BAR,Avinguda de la Llibertat 30,08100,MOLLET DEL VALLES
9100424060,BAR GRANJA VINZIA,BAR GRANJA VINZIA,CALLE GAIETA VINZIA 76,08100,MOLLET DEL VALLÈS
9100424060,BAR GRANJA VINZIA,BAR GRANJA VINZIA,CALLE GAIETA VINZIA 76,08100,MOLLET DEL VALLÈS
9100444038,PA I CAFETERIA L'AVIA ESTACION,PA I CAFETERIA L'AVIA ESTACION,JOAN MARAGALL 17,08100,MOLLET DEL VALLÈS
9100350872,RESTAURANT KENFIR,RESTAURANT KENFIR,CALLE JOAQUIM MIR 57,08100,MOLLET DEL VALLES
9100350872,RESTAURANT KENFIR,RESTAURANT KENFIR,CALLE JOAQUIM MIR 57,08100,MOLLET DEL VALLES
9100631930,EL RINCON DEL SOCIO,EL RINCON DEL SOCIO,CALLE GALLECS 50,08100,MOLLET DEL VALLES
9100660484,EL RACO DEL MERCAT,EL RACO DEL MERCAT,Avinguda de la Llibertat 12,08100,MOLLET DEL VALLES
9100663784,TENTACION II,TENTACION II,RAMBLA POMPEU FABRA 40,08100,MOLLET DEL VALLES
9100686343,Pool,Pool,Passatge Sant Miquel 10,08100,MOLLET DEL VALLES
9100733360,EL REFUGIO,EL REFUGIO,Rambla de Pompeu Fabra 14,08100,MOLLET DEL VALLES
9100745447,BAR ACROPOLIS,BAR ACROPOLIS,CALLE CAN PANTIQUET 22,08100,MOLLET DEL VALLES
9100756398,NOU CUSTOM BAR CAFETERÍA,NOU CUSTOM BAR CAFETERÍA,Passatge Sant Miquel 10,08100,MOLLET DEL VALLES
9100762714,RENFE NORD CANTINA,RENFE NORD CANTINA,CALLE JOAN MARAGALL S/N,08100,MOLLET DEL VALLES
9100765744,BAR BY DUNAS MOLLET,BAR BY DUNAS MOLLET,Ronda d'Orient 1,08100,MOLLET DEL VALLES
9100767546,BAR BY DUMAS MOLLET,BAR BY DUMAS MOLLET,Ronda d'Orient 1,08100,MOLLET DEL VALLES
9100055977,CANTINA RENFE SANT FOST,CANTINA RENFE SANT FOST,Ronda d'Orient 1,08100,MOLLET DEL VALLES
9100055145,CANSALADERIA CAN MAGRET,CANSALADERIA CAN MAGRET,AVENIDA JAUME I 166,08100,MOLLET DEL VALLES
9100373406,CTRO.ELS TIL.LERS,CTRO.ELS TIL.LERS,CARRETERA C-17 S/N,08100,MOLLET DEL VALLES
119751,BK MOLLET,BK MOLLET,AVENIDA RABASSAIRES 40,08100,MOLLET DEL VALLÈS
119751,BK MOLLET,BK MOLLET,AVENIDA RABASSAIRES 40,08100,MOLLET DEL VALLÈS
119751,BK MOLLET,BK MOLLET,AVENIDA RABASSAIRES 40,08100,MOLLET DEL VALLÈS
119751,BK MOLLET,BK MOLLET,AVENIDA RABASSAIRES 40,08100,MOLLET DEL VALLÈS
119751,BK MOLLET,BK MOLLET,AVENIDA RABASSAIRES 40,08100,MOLLET DEL VALLÈS
119751,BK MOLLET,BK MOLLET,AVENIDA RABASSAIRES 40,08100,MOLLET DEL VALLÈS
9100111065,CAN PRAT RESTAURANT,CAN PRAT RESTAURANT,Avinguda de Can Prat s/n,08100,MOLLET DEL VALLES
9100690441,NETSTAL IBERICA SA,NETSTAL IBERICA SA,CL QUARTER NORD 1,08100,MOLLET DEL VALLES
9100433502,DISTRIBUIDORA DE PRODUCTOS NATURALE,DISTRIBUIDORA DE PRODUCTOS NATURALE,CALLE FERRO 33,08100,MOLLET DEL VALLES
103154,EUREST COLECTIVIDADES (MERCK),EUREST COLECTIVIDADES (MERCK),"P.I. CAN MAGAROLA, CTRA. NAC 152, K",08100,MOLLET DEL VALLES
103154,EUREST COLECTIVIDADES (MERCK),EUREST COLECTIVIDADES (MERCK),"P.I. CAN MAGAROLA, CTRA. NAC 152, K",08100,MOLLET DEL VALLES
9100054573,SABOR MANABITA (COSTAVERDE),SABOR MANABITA (COSTAVERDE),CALLE ANSELM CLAVE 43,08100,MOLLET DEL VALLES
9100054762,PRATS PA,PRATS PA,AVENIDA CALDERO 48,08100,MOLLET DEL VALLES
9100054848,LA GOLOSA BAR,LA GOLOSA BAR,Carrer de Marià Fortuny 38,08100,MOLLET DEL VALLES
9100054935,PENYA BARCELONISTA DE MOLLET,PENYA BARCELONISTA DE MOLLET,Carrer de Lluís Duran 20,08100,MOLLET DEL VALLES
9100055101,U.D. MOLLETENSE,U.D. MOLLETENSE,Avinguda Badalona 18,08100,MOLLET DEL VALLES
9100055108,LA TASCA BAR,LA TASCA BAR,CALLE FRANCESC MACIA 51,08100,MOLLET DEL VALLES
9100055221,CA LA MARI ROSTISERIA,CA LA MARI ROSTISERIA,CALLE ONZE DE SETEMBRE 26,08100,MOLLET DEL VALLES
9100055265,BRACAFE,BRACAFE,CALLE GAIETA VINZIA 11,08100,MOLLET DEL VALLES
9100055505,CAFETERIA ESCLAT,CASAGO SL,NICARAGUA S/N -,08100,MOLLET DEL VALLES
9100055626,MANEL BAR,MANEL BAR,AVENIDA LLIBERTAT 14,08100,MOLLET DEL VALLES
9100055679,CUENCA BAR,CUENCA BAR,CALLE GAIETA VINZIA 81,08100,MOLLET DEL VALLES
9100056090,FAMILY GRANJA BAR,SULAW XIE,FRANCESC CAMBO 21 -,08100,MOLLET DEL VALLES
9100056113,CAN RAJOLER,CAN RAJOLER,CALLE MOSSOS D'ESQUADRA 4,08100,MOLLET DEL VALLES
9100056124,GRANJA CORAL,GRANJA CORAL,CALLE PAU CLARIS 19,08100,MOLLET DEL VALLES
9100059602,MANJARI,MANJARI,Carrer de Joan Brossa 7,08100,MOLLET DEL VALLES
9100076081,ANDALUCIA BAR RTE.(C.11 SETEMBRE),ANDALUCIA BAR RTE.(C.11 SETEMBRE),CALLE ONZE DE SETEMBRE 28,08100,MOLLET DEL VALLES
9100135772,BAR EL DOFI,BAR EL DOFI,Carrer de Saragossa 1,08100,MOLLET DEL VALLES
9100150731,ESTANCO MOLLET 3,ESTANCO MOLLET 3,CALLE BERENGUER III 57,08100,MOLLET DEL VALLES
9100153532,CAN BOADA RESTAURANT,YUAN JUN,BERENGUER III 98,08100,MOLLET DEL VALLES
9100178455,PLAZA DONER KEBAB,PLAZA DONER KEBAB,ITALIA 46,08100,MOLLET DEL VALLES
9100338332,BAR GRANADA,BAR GRANADA,RONDA ORIENT 8,08100,MOLLET DEL VALLES
9100413328,RECO DE LAURA,RECO DE LAURA,CALLE FRANCESC MACIA 89,08100,MOLLET DEL VALLÈS
9100466233,BAR KARAI,BAR KARAI,CALLE LA RIERA 13,08100,MOLLET DEL VALLES
9100470966,TASTY DONNER KEBAB,TASTY DONNER KEBAB,RAMBLA POMPEU FABRA 10,08100,MOLLET DEL VALLES
9100040775,RSTE. YOLANDA,GARCIA PUIGCERVER VANESSA,Antoni Gaudi 10,08100,MOLLET DEL VALLES
9100054707,HOMER BAR GRANJA,CARLOS MUÑOZ LUQUE,Carrer de Jaume Coll 3,08100,MOLLET DEL VALLES
9100054708,BCC LOUNGE,BCC LOUNGE,PASAJE LA PAU S/N,08100,MOLLET DEL VALLES
9100054841,BAR BRANNINGAM,BAR BRANNINGAM,RAMBLA POMPEU FABRA 7,08100,MOLLET DEL VALLES
9100054856,CAFETERIA TAHOMA,CAFETERIA TAHOMA,CALLE GALLECS 58,08100,MOLLET DEL VALLES
9100054872,BAR CASA PEDRO,BAR CASA PEDRO,CALLE CAN PANTIQUET 26,08100,MOLLET DEL VALLES
9100054896,CAFÉ PLAÇA,CAFÉ PLAÇA,Plaça de Prat de la Riba 11,08100,MOLLET DEL VALLES
9100054949,XARRUP BAR,HENG NIE,Avinguda de Rivoli 24,08100,MOLLET DEL VALLES
9100054994,COLLA DELS MORATS,COLLA DINAMITZADORA FESTES MORATS,CERVANTES 19-23,08100,MOLLET DEL VALLES
9100055030,GRAN EMPERADOR RESTAURANTE CHINO,GRAN EMPERADOR RESTAURANTE CHINO,CALLE GALLECS 64,08100,MOLLET DEL VALLES
9100055144,PARAISO BAR,PARAISO BAR,AVENIDA CALDES DE MONTBUI 18,08100,MOLLET DEL VALLES
9100055194,DAVID FORN DE PA I PASTISSERIA,DAVID FORN DE PA I PASTISSERIA,CALLE JAUME COLL 9,08100,MOLLET DEL VALLES
9100055251,RIVOLI CERVECERIA,JOSE ANTONIO MATEOS MO¥INO,AGRICULTURA 9,08100,MOLLET DEL VALLES
9100055620,MARFA BAR,CAL MARFA SCP,PRAT DE LA RIBA 13,08100,MOLLET DEL VALLES
9100055707,JULIS BAR,JULIS BAR,CALLE PERE RAMON 1,08100,MOLLET DEL VALLES
9100055836,ORRIOLS FORN DE PA,ORRIOLS FORN DE PA,Plaça de Prat de la Riba 12,08100,MOLLET DEL VALLES
9100056034,FORN DE PA EMY,FORN DE PA EMY,CALLE AGRICULTURA 18,08100,MOLLET DEL VALLES
9100075764,NOU CAPRICCIO,NOU CAPRICCIO,CALLE SALVADOR ESPRIU 30,08100,MOLLET DEL VALLES
9100120690,CAN OLIVER BAR,CAN OLIVER BAR,CALLE CLAUDI ARAÑO I ARAÑO 17,08100,MOLLET DEL VALLES
9100121589,RTE CHINO TA HAO MEN,RTE CHINO TA HAO MEN,AVENIDA ANTONI GAUDI 30-32,08100,MOLLET DEL VALLES
9100126935,AAVV SANTA ROSA,AAVV SANTA ROSA,Passatge de l'Ombra 1,08100,MOLLET DEL VALLÈS
9100129133,SA I FRESC RESTAURANT,RESTAURANT SA I FRESC 2010,AVENIDA RABASSAIRES 46-50,08100,MOLLET DEL VALLES
9100239655,LA PINYA BAR,LA PINYA BAR,AVENIDA JAUME I 3-5,08100,MOLLET DEL VALLES
9100246685,ESTANC MOLLET 2,ESTANC MOLLET 2,CALLE AGRICULTURA 37,08100,MOLLET DEL VALLES
9100326765,PAQUI FORN DE PA,PAQUI FORN DE PA,AVENIDA ANTONI GAUDI 46,08100,MOLLET DEL VALLES
9100353152,NUEVO VITORINO,QINGQING WEI,CAN MOLLET 1,08100,MOLLET DEL VALLES
9100366443,BAR MEJIAS,ALMOHAYA ORTIZ JUAN CARLOS,CALLE ENRIC MORERA 37,08100,MOLLET DEL VALLES
9100371825,TINO FRANKFURT,TINO FRANKFURT,AVENIDA JAUME I 154,08100,MOLLET DEL VALLES
9100371825,TINO FRANKFURT,TINO FRANKFURT,AVENIDA JAUME I 154,08100,MOLLET DEL VALLES
9100467331,BAR RESTAURANTE NEORIS,BAR RESTAURANTE NEORIS,RAMBLA POMPEU FABRA 4,08100,MOLLET DEL VALLÈS
9100612100,EL JARDI DE GALLECS,EL JARDI DE GALLECS,CALLE FRANCESC LAYRET 65,08100,MOLLET DEL VALLES
9100617395,BAR LOS EXTREMEÑOS,BAR LOS EXTREMEÑOS,Passeig de la Ronda 7,08100,MOLLET DEL VALLES
9100642781,Bar Castillo,Bar Castillo,Carrer de Sant Jordi 56,08100,MOLLET DEL VALLES
9100653427,BAR DE TAPES,BAR DE TAPES,Avinguda de Caldes de Montbui 17,08100,MOLLET DEL VALLES
9100663743,BAR ALMANSA,BAR ALMANSA,Carrer de Sant Llorenç 52,08100,MOLLET DEL VALLES
9100665155,Bar restaurante Nacha,Bar restaurante Nacha,Carrer de Salvador Espriu 7,08100,MOLLET DEL VALLES
9100670399,755_SUBLIME,755_SUBLIME,CALLE SALVADOR ESPRIU 38,08100,MOLLET DEL VALLES
9100677478,LA BONA SORT,LA BONA SORT,Carrer de Sant Ramon 36,08100,MOLLET DEL VALLES
9100684101,BAR NOMAD,BAR NOMAD,Avinguda d'Antoni Gaudí 12,08100,Mollet del Vallès
9100684195,LA PRUNA,LA PRUNA,Carrer de la Pau 28,08100,MOLLET DEL VALLES
9100694798,BAR CUBO VENTALLO,BAR CUBO VENTALLO,Carrer de Gaietà Ventalló 33,08100,MOLLET DEL VALLES
9100695039,ENERGY BAR  & RESTAURANTE,ENERGY BAR  & RESTAURANTE,Carrer del Ferrocarril 80,08100,MOLLET DEL VALLES
9100695182,XURRERIA CAFETERIA GARBER,XURRERIA CAFETERIA GARBER,CALLE PAU VILA 12,08100,MOLLET DEL VALLES
9100698744,BAR PRUNERES,BAR PRUNERES,Carrer d'Anselm Clavé 15,08100,MOLLET DEL VALLES
9100701166,NOVA PALMERA,NOVA PALMERA,Carrer de Gallecs 47,08100,MOLLET DEL VALLES
9100702970,KAPHIY BRUNCH,KAPHIY BRUNCH,Carrer de Gaietà Vínzia 20,08100,MOLLET DEL VALLES
9100708130,TREBOL CERVECERIA,TREBOL CERVECERIA,Carrer de l'Agricultura 11,08100,MOLLET DEL VALLES
9100721293,RSTE. L'OLIVE,RSTE. L'OLIVE,Carrer de Claudi Arañó i Arañó 17,08100,MOLLET DEL VALLES
9100725280,CASA MAURA,CASA MAURA,Carrer de Francesc Ferrer i Guàr 21,08100,MOLLET DEL VALLES
9100727703,HALCON BAR,HALCON BAR,Rambla Nova 93,08100,MOLLET DEL VALLES
9100731896,Bar la Cantonada,Bar la Cantonada,Avinguda del Parc 1,08100,MOLLET DEL VALLES
9100733214,BAR VAGON 66,BAR VAGON 66,Carrer de Francesc Macià 62,08100,MOLLET DEL VALLES
9100734979,SOL Y LUNA,SOL Y LUNA,AVENIDA CALDES DE MONTBUI 21,08100,MOLLET DEL VALLES
9100738455,BAR GALICIA,BAR GALICIA,Carrer de Francesc Layret 28,08100,MOLLET DEL VALLES
9100740330,LA VERMUTERIA,LA VERMUTERIA,Carrer de la Pau 21,08100,MOLLET DEL VALLES
9100742484,BAR ESPERANZA,BAR ESPERANZA,Carrer de Gallecs 75,08100,MOLLET DEL VALLES
9100744307,BAR CA LA XIANG,BAR CA LA XIANG,Carrer de Francesc Layret 71,08100,MOLLET DEL VALLES
9100746967,WONCA BURGUER,WONCA BURGUER,Carrer de Francesc Layret 6,08100,MOLLET DEL VALLES
9100746984,Molletveer,Molletveer,Carrer Jaume Coll 5,08100,MOLLET DEL VALLES
9100750130,LA TAVERNA DE CAN PANTIQUET,LA TAVERNA DE CAN PANTIQUET,Carrer de Can Pantiquet S/N,08100,MOLLET DEL VALLES
9100755962,EVA RESTAURANT,EVA RESTAURANT,AVENIDA ANTONI GAUDI 62,08100,MOLLET DEL VALLES
9100760131,ALAIA COFFE BAR ,ALAIA COFFE BAR ,Avinguda de Jaume I 156,08100,MOLLET DEL VALLES
9100760596,TREBOL BRUNCH,TREBOL BRUNCH,Carrer de Berenguer III 156,08100,POLINYÀ
9100764101,RAJAS TACOS KEHBAD BAR CAFETERIA,RAJAS TACOS KEHBAD BAR CAFETERIA,Plaza mayor 5,08100,MOLLET DEL VALLES
9100764969,PETIT CAFE,PETIT CAFE,Carrer de Gaietà Vínzia 44,08100,MOLLET DEL VALLES
9100767153,BAR FUTBOL LOURDES,BAR FUTBOL LOURDES,CAMINO CAN VILA S/N,08100,MOLLET DEL VALLES
9100055150,"AUTORACING MOLLET, S.L.","AUTORACING MOLLET, S.L.",FERROCARRIL 52 -,08100,MOLLET DEL VALLES
9100389125,ALOE,ALOE,MENENDEZ I PELAYO 1,08500,VIC
9100529116,2 PRINCIPE,2 PRINCIPE,PASEO GENERALITAT 37,08500,VIC
9100503495,80'S SPIRIT,80'S SPIRIT,PLAZA PIETAT 2,08500,VIC
9100573746,PANADERIA GRANIER,PANADERIA GRANIER,RAMBLA PASSEIG 7,08500,VIC
9100566266,FORN EL VERDAGUER,FORN EL VERDAGUER,Carrer de Jacint Verdaguer 28,08500,VIC
9100563102,BAR ESTACIO RENFE,BAR ESTACIO RENFE,PLAZA ESTACIO S/N,08500,VIC
9100453983,EL MOLI,EL MOLI,CALLE LA LLOTJA 9,08500,VIC
9100721688,FLECA DIVINA PASTORA,FLECA DIVINA PASTORA,Carrer Sant Segimon 22,08500,VIC
9100567698,BAR LAURA,BAR LAURA,CALLE CANIGO 70,08500,VIC
9100058499,PUNT DONER KEBAB,PUNT DONER KEBAB,CALLE JACINT VERDAGUER 27,08500,VIC
9100056562,RACO DE L'IBERIC**,RACO DE L'IBERIC**,PLAZA MAJOR 21,08500,VIC
9100736216,IMPEVIC EDIFICI EL SUCRE,IMPEVIC EDIFICI EL SUCRE,CARRER DE LA CIUTAT S/N,08500,VIC
9100739591,IZAKAYA,IZAKAYA,Carrer de la Riera 30,08500,VIC
9100745478,BAR STACJA PL,BAR STACJA PL,Avinguda d'Olímpia 7,08500,VIC
9100745910,ENTREPA I PA,ENTREPA I PA,Carrer de la Providència 23,08500,VIC
9100752144,HAPPYLANDIAPARK,HAPPYLANDIAPARK,CARRETERA DE VIC 217,08500,VIC
9100767161,CA LA LAURA PLAÇA,CA LA LAURA PLAÇA,Rambla de les Davallades 8,08500,VIC
9100771401,SERRAT PLANES BONES,SERRAT PLANES BONES,Masia Camí de Planes Bones S/N,08500,SENTFORES
9100446439,FRANKFURT C'JOAN,FRANKFURT C'JOAN,CALLE RIPOLL 53,08500,VIC
9100724322,INDUSTRIA 52,INDUSTRIA 52,Carrer de la Indústria 52,08500,VIC
9100717724,BAR TENNIS VIC,BAR TENNIS VIC,AVENIDA OLIMPIA S/N,08500,VIC
9100715856,RESTAURANT food hub,RESTAURANT food hub,Carrer de Montserrat 20,08500,VIC
9100703436,TAJ MAHAL,TAJ MAHAL,Carrer de les Carnisseries 34,08500,VIC
9100703234,Llegums Cuits Cal Marcel·lí,Llegums Cuits Cal Marcel·lí,Carrer Sant Segimon 14,08500,VIC
9100701784,BUSVIC,BUSVIC,Carrer del Pare Gallissà 4,08500,VIC
9100699144,BAR GRACE,BAR GRACE,C/RAMON D'ABADAL 21,08500,VIC
9100691356,RESTAURANT CASA MEXICO,RESTAURANT CASA MEXICO,Call Nou 9,08500,VIC
9100682040,EL PORTAL VIC,EL PORTAL VIC,Carrer del Pare Coll 2,08500,VIC
9100668218,CA LA NATI,CA LA NATI,CARRER DEL VIRREI AVILÉS 6,08500,VIC
9100452581,BONA TAPA,BONA TAPA,PASEO GENERALITAT 44,08500,VIC
9100423519,BOTING JUMPING PARK,BOTING JUMPING PARK,CALLE SOLSONA 4,08500,VIC
9100409671,SEGAFREDO,SEGAFREDO,PASEO GENERALITAT 15,08500,VIC
9100374304,BAR PRIEGO,BAR PRIEGO,CALLE ENRIC PRAT DE LA RIBA 49,08500,VIC
9100324575,BAR SOL NOU,BAR SOL NOU,PASEO GENERALITAT 8,08500,VIC
9100127570,FRANKFURT VIC**,FRANKFURT VIC**,PASAJE PLA DEL REMEI 11,08500,VIC
115740,PARADOR VIC - SAU,PARADOR VIC - SAU,CARRETERA BV-5213 KM 10,08500,VIC
115740,PARADOR VIC - SAU,PARADOR VIC - SAU,CARRETERA BV-5213 KM 10,08500,VIC
9100727009,Vacanal Jubany - Hamburgueseria,Vacanal Jubany - Hamburgueseria,Plaça Major 36,08500,VIC
9100576586,BAR LA TASCA,BAR LA TASCA,CALLE MOSSEN LLUIS ROMEU 1,08500,VIC
9100158659,BAR CAFETERIA LA PONCELLA,BAR CAFETERIA LA PONCELLA,Passeig de la Generalitat 10,08500,VIC
9100262827,L & C,L & C,Carrer de Jaume Munmany 27,08500,VIC
9100494258,CAFETERIA CIRCUIT D'OSONA,CAFETERIA CIRCUIT D'OSONA,CALLE CABRERES 2,08500,VIC
9100588030,VIC HOQUEI CLUB,VIC HOQUEI CLUB,Avinguda d'Olímpia 15,08500,VIC
9100579836,LOVIC OSONA,LOVIC OSONA,CALLE SAU 9,08500,VIC
9100540322,COFFEE & BAKERY CAN PAU,COFFEE & BAKERY CAN PAU,CALLE CAN PAU RABA 1,08500,VIC
9100527263,PADEL OSONA VIC,PADEL OSONA VIC,CARRETERA PRATS DE LLUÇANES 14,08500,VIC
9100523486,BAR RESTAURANT GIRASOL,BAR RESTAURANT GIRASOL,Carretera de Roda 1,08500,VIC
9100520726,BOCATTI BAR,BOCATTI BAR,Carrer Mossèn Josep Gudiol 21,08500,VIC
9100517701,CLUB BASQUET VIC,CLUB BASQUET VIC,PLAZA PARE MILLAN S/N,08500,VIC
9100517366,INSOLIT,INSOLIT,Carrer dels Corretgers 4,08500,VIC
9100515640,TRINACRIA,TRINACRIA,CALLE ARQUEBISBE ALEMANY 24,08500,VIC
9100454403,LA MANDUCA,LA MANDUCA,CALLE MANLLEU 40,08500,VIC
9100419900,DIVICNUS GASTROBAR,DIVICNUS GASTROBAR,CALLE SANT MIQUEL DELS SANTS 1,08500,VIC
9100345891,CARBO,CARBO,CALLE DUES SOLES 8,08500,VIC
9100345891,CARBO,CARBO,CALLE DUES SOLES 8,08500,VIC
9100337367,SAKURA II,SAKURA II,CALLE MIRAMARGES 8,08500,VIC
9100294904,GARBI BISTROT,GARBI BISTROT,RAMBLA HOSPITAL 8,08500,VIC
9100246993,TRESONA XXI,TRESONA XXI,CALLE ARGENTERS 4,08500,VIC
9100166608,CITY ARMS,CITY ARMS,CALLE MISERICORDIA 4,08500,VIC
9100126373,BAR AVINGUDA,BAR AVINGUDA,AVENIDA SANT BERNAT CALBO 42,08500,VIC
9100541821,PRAGMA PROFESSIONAL,PRAGMA PROFESSIONAL,CALLE MIRAMARGES 7,08500,VIC
9100628369,RESTAURANT EL XIC,RESTAURANT EL XIC,CALLE GURB 103,08500,VIC
128247,INDOORWALL VIC,INDOORWALL VIC,"CALLE SANTIAGO RAMÓN Y CAJAL, 87",08500,VIC
128247,INDOORWALL VIC,INDOORWALL VIC,"CALLE SANTIAGO RAMÓN Y CAJAL, 87",08500,VIC
128247,INDOORWALL VIC,INDOORWALL VIC,"CALLE SANTIAGO RAMÓN Y CAJAL, 87",08500,VIC
128247,INDOORWALL VIC,INDOORWALL VIC,"CALLE SANTIAGO RAMÓN Y CAJAL, 87",08500,VIC
118136,BK VIC,BK VIC,MANLLEU 30-32,08500,VIC
118136,BK VIC,BK VIC,MANLLEU 30-32,08500,VIC
9100471566,BAR LA TORTUGA,BAR LA TORTUGA,RAMBLA HOSPITAL 31,08500,VIC
9100739798,LA DIVINA,LA DIVINA,CARRER SANTIAGO RAMON I CAJAL 48,08500,VIC
9100577790,BAR CA LA LAURA,BAR CA LA LAURA,Rambla de les Davallades 21,08500,VIC
9100156149,PARENTHESIS,PARENTHESIS,CALLE CERVERA 11,08500,VIC
9100057040,COOPERATIVA GUISSONA,COOPERATIVA GUISSONA,Carretera de Manlleu s/n,08500,VIC
9100634160,TKBNA,TKBNA,Carrer de Rupit 12,08500,VIC
9100058168,BAR UNIVIC,BAR UNIVIC,Carrer de Miramarges 10,08500,VIC
9100058399,BAR RTE.ZEFIR BEGUDES,BAR RTE.ZEFIR BEGUDES,CALLE EIX ONZE DE SETEMBRE 29,08500,VIC
9100058486,CAFETERIA LISA,CAFETERIA LISA,Rambla de Josep Tarradellas 11,08500,VIC
9100058727,SNACK (VIC),SNACK (VIC),Plaça Major 28,08500,VIC
9100058749,"MINI BRINDIS, BAR","MINI BRINDIS, BAR",Carrer de Sant Jordi 1,08500,VIC
9100056384,PALACIO DE ORIENTE,PALACIO DE ORIENTE,CALLE ANDREU FEBRER 1,08500,VIC
9100056413,BAR TREBOL,BAR TREBOL,AVENIDA PIUS XII 13,08500,VIC
9100056689,RESTAURANT NOU PAMPLONA,RESTAURANT NOU PAMPLONA,CALLE EIX ONZE DE SETEMBRE 11,08500,VIC
9100056722,"FONTSECA, BAR","FONTSECA, BAR",CARRETERA SANT HILARI SACALM S/N,08500,VIC
9100056774,BAR CAFETERIA VIC,BAR CAFETERIA VIC,PASEO GENERALITAT 23,08500,VIC
9100056957,TASTIC BAR,TASTIC BAR,Avinguda de Sant Bernat Calbó 52,08500,VIC
9100056959,ASSEMBLEA JOVE VIC,ASSEMBLEA JOVE VIC,CALLE JOAN DE SERRALLONGA 3,08500,VIC
9100056959,ASSEMBLEA JOVE VIC,ASSEMBLEA JOVE VIC,CALLE JOAN DE SERRALLONGA 3,08500,VIC
9100057171,CASA TEVA,CASA TEVA,Carrer de l'Arquebisbe Alemany 21,08500,VIC
9100057428,CAFE PASTISSERIA BRUGUER,CAFE PASTISSERIA BRUGUER,CALLE JAUME I EL CONQUERIDOR 3,08500,VIC
9100057605,EL PONT GOTIC,EL PONT GOTIC,PLAZA ENRIC GONZALEZ I TORNES 1,08500,VIC
9100057936,EL CAPUTXI,EL CAPUTXI,Carrer de Sant Pau 39,08500,VIC
9100057963,FETNOSTREVIC,FETNOSTREVIC,CALLE MIRAMARGES 6,08500,VIC
9100736273,TOPIC,TOPIC,Carrer de Cervera 14,08500,VIC
9100740503,BAR ÑAM LLODO,BAR ÑAM LLODO,Carrer Enric Prat de la Riba 16,08500,VIC
9100742873,EL PERNILER,EL PERNILER,CARRER MARE DE DEU DELS MUTS 2,08500,VIC
9100745490,PLANES BONES,PLANES BONES,Carrer d’en Perot Rocaguinarda 2,08500,VIC
9100746500,RUKU RESTAURANT,RUKU RESTAURANT,Carrer de Sant Sadurní 12,08500,VIC
9100746832,EL 9 TONI PETIT,EL 9 TONI PETIT,Carrer de Ripoll 33,08500,VIC
9100748119,LE PETIT KOALA,LE PETIT KOALA,Rambla del Passeig 65,08500,VIC
9100748120,Samsara Buffet lliure,Samsara Buffet lliure,Ronda de Francesc Camprodon 18,08500,VIC
9100748566,BAR GABI,BAR GABI,Carrer Nou 7,08500,VIC
9100751056,L'INDIÀ CAFETERIA,L'INDIÀ CAFETERIA,Carrer del Pla de Balenyà 9,08500,VIC
9100752643,Restaurant el Punt,Restaurant el Punt,Carrer de Ramon Sala i Saçala 13,08500,VIC
9100752651,La Indiana Gastro & Gelato,La Indiana Gastro & Gelato,Carrer del Pla de Balenyà 7,08500,VIC
9100752860,SAZON DE LOS APOLOS,SAZON DE LOS APOLOS,Carretera d la Guixa 10,08500,VIC
9100755818,El Celler d'en Miquel,El Celler d'en Miquel,Plaça de l'Estació 1,08500,VIC
9100760072,CAL GAT CAFETERIA RESTAURANT,CAL GAT CAFETERIA RESTAURANT,Rambla del Passeig 39,08500,VIC
9100766575,BAR ATLANTIDA,BAR ATLANTIDA,Carrer de Francesc Maria Masferre 4,08500,VIC
9100767754,INNOGANDO,INNOGANDO,Carrer de la Llotja 7,08500,VIC
9100059144,VIC POOL,VIC POOL,PASEO GENERALITAT 58,08500,VIC
9100521875,CAFETERIA SANT JORDI,CAFETERIA SANT JORDI,CALLE MANLLEU 42,08500,VIC
9100668715,CAL OCELLAIRES,CAL OCELLAIRES,Avinguda dels Països Catalans 49,08500,VIC
9100723264,BAR JALEY BAKERY,BAR JALEY BAKERY,Carrer Països Catalans 7,08191,VILANOVA DEL VALLÈS
9100696849,Federació Catalana de Patinatge (FC,Federació Catalana de Patinatge (FC,Avenida Meridiana 27,08018,BARCELONA
9100761557,CLUB PADEL MIR,CLUB PADEL MIR,"CARRETERA BV-5001 KM 8,8",08110,MONTCADA I REIXAC
9100750914,CARLOS OLMOS MONZON,CARLOS OLMOS MONZON,Carrer de les Esquadres 26,08901,L'HOSPITALET DE LLOBREGAT
9100040930,COFFEE YAGUNA,COFFE LLAGUNA S.L.,LLUIS VIVES 19,08400,GRANOLLERS
9100044418,BAR LA GRALLA,DIL GIRO LOURDES,JOSEP UMBERT 130,08400,GRANOLLERS
9100044457,BAR OLIMPIC,GUANGCHUAN WANG,GERONA 185,08400,GRANOLLERS
9100044461,PUB EVENING,PUB EVENING,PASEO MUNTANYA 139,08400,GRANOLLERS
9100219680,CAN MANEL,HAIWEI DU,AMADEU CASTELLANOS 2,08400,GRANOLLERS
9100252903,RESTAURANT EL CISNE,EL CISNE IRAYOL SL,ANSELM CLAVE 77,08400,GRANOLLERS
9100743845,DESEO,DESEO,PASSATGE SANT BARTOMEU 16,08400,GRANOLLERS
9100747490,CASAL CIVIC TERRASSA,CASAL CIVIC TERRASSA,Carrer de Wagner 2,08222,TERRASSA
9100770429,ENTRE TAPAS,ENTRE TAPAS,Avinguda de Catalunya S/N,08930,SANT ADRIÀ DE BESÒS
9100736601,Delight Coffee,Delight Coffee,Avinguda de Catalunya 51,08930,BARCELONA
9100627990,FELIUBADALO,FELIUBADALO,CARRER CAN MAGÍ 10,08210,BARBERÀ DEL VALLÈS
9100749745,Dolç i Salat Cuba,Dolç i Salat Cuba,Calle Cuba 38,08302,MATARÓ
9100474233,DOLC I SALAT MATARO,DOLC I SALAT MATARO,RONDA FRANCESC MACIA 18,08302,MATARÓ
9100756802,AIRE,AIRE,Carrer de Falguera 6,08980,SANT FELIU DE LLOBREGAT
122790,BK GRANOLLERS RONDA SUD,BK GRANOLLERS RONDA SUD,CALLE LLUIS COMPANYS 41,08401,GRANOLLERS
122790,BK GRANOLLERS RONDA SUD,BK GRANOLLERS RONDA SUD,CALLE LLUIS COMPANYS 41,08401,GRANOLLERS
122790,BK GRANOLLERS RONDA SUD,BK GRANOLLERS RONDA SUD,CALLE LLUIS COMPANYS 41,08401,GRANOLLERS
122790,BK GRANOLLERS RONDA SUD,BK GRANOLLERS RONDA SUD,CALLE LLUIS COMPANYS 41,08401,GRANOLLERS
136720,UDON GRANOLLERS,UDON GRANOLLERS,"PLAÇA DE LA CASERNA, 3",08401,GRANOLLERS
136720,UDON GRANOLLERS,UDON GRANOLLERS,"PLAÇA DE LA CASERNA, 3",08401,GRANOLLERS
9100570919,KYOMI TEA,KYOMI TEA,Carrer de Santa Elisabet 15,08401,GRANOLLERS
122348,FRANKFURT LEO BOECK GRANOLLERS,FRANKFURT LEO BOECK GRANOLLERS,SANT ROC 8,08401,GRANOLLERS
122348,FRANKFURT LEO BOECK GRANOLLERS,FRANKFURT LEO BOECK GRANOLLERS,SANT ROC 8,08401,GRANOLLERS
122348,FRANKFURT LEO BOECK GRANOLLERS,FRANKFURT LEO BOECK GRANOLLERS,SANT ROC 8,08401,GRANOLLERS
122348,FRANKFURT LEO BOECK GRANOLLERS,FRANKFURT LEO BOECK GRANOLLERS,SANT ROC 8,08401,GRANOLLERS
9100756793,INSTINT RESTAURANT,INSTINT RESTAURANT,Carrer Príncep de Viana 25,08401,GRANOLLERS
9100041486,XICS DE GRANOLLERS,XICS DE GRANOLLERS,AVENIDA ENRIC PRAT DE LA RIBA 77,08401,GRANOLLERS
9100041725,FLECA P.BRETCHA (PL. MALUQUER),FLECA P.BRETCHA (PL. MALUQUER),PLAZA JOSEP MALUQUER I SALVADOR 17,08401,GRANOLLERS
9100042386,BAR PAREDES 5,LOPEZ PADILLA ANDRES,CALLE ROSSELLO 77,08401,GRANOLLERS
9100043893,BAR RESTAURANT PAVEPIC,BAR RESTAURANT PAVEPIC,CALLE FRANCESC MACIA 160,08401,GRANOLLERS
9100044282,BAR PAREDES I,BAR PAREDES I,CALLE RAFAEL CASANOVA 64,08401,GRANOLLERS
9100044469,BAR EL RECONET,BAR EL RECONET,CALLE POMPEU FABRA 15,08401,GRANOLLERS
9100056059,PITAPES RESTAURANT GRANOLLES,PITAPES RESTAURANT GRANOLLES,CALLE MIQUEL RICOMA 55,08401,GRANOLLERS
9100087801,CASA CHUECOS,CASA CHUECOS,CALLE ANNIBAL 26,08401,GRANOLLERS
9100098069,FORN EL SAGA,FORN EL SAGA,CALLE ROGER DE FLOR 45,08401,GRANOLLERS
9100145874,GRANJA LA NOU,GRANJA LA NOU,CALLE SANT JOSEP 1,08401,GRANOLLERS
9100169285,TAPES,TAPES,PLAZA PORXADA 32,08401,GRANOLLERS
9100219758,FORN DE PA MARGARIDA,FORN DE PA MARGARIDA,CALLE TORRES I BAGES 53,08401,GRANOLLERS
9100229514,RESTAURANTE MINT,RESTAURANTE MINT,CALLE SANT JOSEP 10,08401,GRANOLLERS
9100250393,RTE AYOPAYA,AYO BOL SL,VIC 6,08401,GRANOLLERS
9100253786,BAR LA RAMBLA,WEI HONG,CALLE MARE DE DEU DE MONTSERRAT 58,08401,GRANOLLERS
9100297849,CAL JIJONERO,CAL JIJONERO,CALLE CORRO 2,08401,GRANOLLERS
9100301896,TAVERNA TATXIN TATXIN,TAVERNA TATXIN TATXIN,CALLE SANT JOSEP 14,08401,GRANOLLERS
9100302461,BAR VITA,ZUPJIANG XU,CALLE ROGER DE FLOR 1,08401,GRANOLLERS
9100399265,BAR MERCADO,BAR MERCADO,PLAZA CASERNA S/N,08401,GRANOLLERS
9100399265,BAR MERCADO,BAR MERCADO,PLAZA CASERNA S/N,08401,GRANOLLERS
9100479079,RESTAURANTE EL SPOT,RESTAURANTE EL SPOT,CALLE MUSEU 10-12,08401,GRANOLLERS
9100509767,HOLLY'S,HOLLY'S,PLAZA PORXADA 21,08401,GRANOLLERS
9100523982,LA GRANJA ( DEGUSTACIO ),LA GRANJA ( DEGUSTACIO ),CALLE TRAVESSERES 43,08401,GRANOLLERS
9100527198,PALO SANTO COCKTAIL BAR,PALO SANTO COCKTAIL BAR,CR MIQUEL RICOMA 137,08401,GRANOLLERS
9100658144,CAN SANO,CAN SANO,RAMON LLULL 9,08401,GRANOLLERS
9100664303,TABATA,TABATA,Carrer de Corró 15,08401,GRANOLLERS
9100677377,COROMINES Coffee & Bakery Brunch,COROMINES Coffee & Bakery Brunch,Carrer de Joan Corominas 22,08401,GRANOLLERS
9100680026,EL GLAM MOMENTS,EL GLAM MOMENTS,Carrer Guayaquil 30,08401,GRANOLLERS
9100681218,BAR ZHOU,BAR ZHOU,Carrer d'Isabel de Villena 64,08401,GRANOLLERS
9100681231,BAR LA GRANJA,BAR LA GRANJA,Carrer de Roger de Flor 93,08401,GRANOLLERS
9100682415,TSURUTA RAMEN,TSURUTA RAMEN,Plaça Josep Maluquer i Salvador 20,08401,GRANOLLERS
9100682473,CAL JOAN,CAL JOAN,Carrer de Roger de Flor 75,08401,GRANOLLERS
9100685322,DATOTE AL BAGH,DATOTE AL BAGH,CALLE LLUIS COMPANYS 60,08401,GRANOLLERS
9100695278,EL REFUGI D´EN CUCH,EL REFUGI D´EN CUCH,Carrer de Sant Jaume 46,08401,GRANOLLERS
9100699710,CAN BIN RESTAURANTE,CAN BIN RESTAURANTE,Carrer de Roger de Flor 61,08401,GRANOLLERS
9100701777,RECTORIA DE PALAU,RECTORIA DE PALAU,Passeig Francesc Fàbregas 81,08401,GRANOLLERS
9100717340,PURE COFFEE,PURE COFFEE,SANTA ANA 25,08401,GRANOLLERS
9100723316,BAR TAST GRANOLLERS,BAR TAST GRANOLLERS,Carrer del Camp de les Moreres 3,08401,GRANOLLERS
9100727750,BAR LOCALET,BAR LOCALET,Carrer d'Alfons IV 48,08401,GRANOLLERS
9100729954,NOU PATUFET,NOU PATUFET,PLAZA JOSEP MARIA FOLCH I TORRES 12,08401,GRANOLLERS
9100735762,Granollers Indian Restaurante,Granollers Indian Restaurante,Carrer de Corró 36,08401,GRANOLLERS
9100737822,PECADOS,PECADOS,PLAZA JOSEP MARIA FOLCH I TORRES 14,08401,GRANOLLERS
9100744232,EL MENÚ,EL MENÚ,CALLE PONENT 12,08401,GRANOLLERS
9100747036,BAR CAPARROS,BAR CAPARROS,Carrer d'Alfons IV 38,08401,GRANOLLERS
9100751859,RESTAURANTE ANATOLIA,RESTAURANTE ANATOLIA,Carrer Rafael Casanova 60,08401,GRANOLLERS
9100751879,BAR CAFETERIA EL DOMI,BAR CAFETERIA EL DOMI,Carrer de Ponent 55,08401,GRANOLLERS
9100752730,CAFE LEO,CAFE LEO,Carrer de Josep Torras I Bages 29,08401,GRANOLLERS
9100756820,LA SEDA GRANOLLERS,LA SEDA GRANOLLERS,Carrer de Joan Prim 7,08401,GRANOLLERS
9100764052,BAR TIMANFAYA,BAR TIMANFAYA,Carrer de Tres Torres 2,08401,GRANOLLERS
9100764737,BAR CAFETERIA KALESSY,BAR CAFETERIA KALESSY,Carrer Rafael Casanova 50,08401,GRANOLLERS
118135,BK GRANOLLERS,BK GRANOLLERS,"MATAGALLS, S/N (ESQUINA C/CAMI DEL",08402,GRANOLLERS
118135,BK GRANOLLERS,BK GRANOLLERS,"MATAGALLS, S/N (ESQUINA C/CAMI DEL",08402,GRANOLLERS
9100553805,BAR RUI,BAR RUI,PLAZA JOSEP SERRAT I BONASTRE 18,08402,GRANOLLERS
9100041010,AQUI MATEIX,AQUI MATEIX,AVENIDA SANT ESTEVE 73,08402,GRANOLLERS
9100041103,BAR LA PRADERA,BAR LA PRADERA,CALLE BARTOLOME ESTEBAN MURILLO 31,08402,GRANOLLERS
9100042964,HOTEL CIUTAT DE GRANOLLERS,FONDESE S.L.,Turó d'en Bruguet 2,08402,GRANOLLERS
9100043144,LES GARGOLES DEL NORD,LES GARGOLES DEL NORD,CALLE MONTSENY 4,08402,GRANOLLERS
9100043853,BINGO CASINO,BINGO CASINO,GIRONA 3,08402,GRANOLLERS
9100044157,BAR RESTAURANT CAN CHEN,BAR RESTAURANT CAN CHEN,CALLE CRISTOFOL COLOM 23,08402,GRANOLLERS
9100094835,FRANKFURT JAVIS II,GENMU CHEN,GIRONA 36,08402,GRANOLLERS
9100120794,FLECA P.BRETCHA (C/ GIRONA),FLECA P. BRETCHA SL,GIRONA 49,08402,GRANOLLERS
9100151073,BAR XEICA,BAR XEICA,CALLE CRISTOFOL COLOM 16,08402,GRANOLLERS
9100238682,RSTE. EL CELLER DE CAN ROS,RSTE. EL CELLER DE CAN ROS,PLAZA JOSEP BARANGE 13,08402,GRANOLLERS
9100338195,BAR JUAQUIN,ZINPING CHEN,PASSEIG MUNTANYA 66,08402,GRANOLLERS
9100340763,"BAR ""LA OCA""","BAR ""LA OCA""",PLAZA CAN MONIC 7,08402,GRANOLLERS
9100341135,ATARASII,QUANTI GAO,CALLE JOAN PRIM 4,08402,GRANOLLERS
9100348821,FRANKFURT LA PLAÇA,FRANKFURT LA PLAÇA,CALLE VALLESPIR 10,08402,GRANOLLERS
9100355289,BAR LAS TAPAS,SUPING LIAN,CALLE ANGEL GUIMERA 12-14,08402,GRANOLLERS
9100503002,LA VERMOOD,LA VERMOOD,PLAZA PAU CASALS 4,08402,GRANOLLERS
9100513352,BAR COPACABANA,BAR COPACABANA,CALLE VALLESPIR 1,08402,GRANOLLERS
9100616552,BAR CAN JULI,BAR CAN JULI,CALLE FRANCESC MACIA 135,08402,GRANOLLERS
9100619658,A VOCADOS,A VOCADOS,PLAZA JOSEP BARANGE 2,08402,GRANOLLERS
9100658142,RESTAURANTE EL SOL,RESTAURANTE EL SOL,Carrer de Girona 161,08402,GRANOLLERS
9100661498,GIOVANNI,GIOVANNI,CALLE MONTSENY 1,08402,GRANOLLERS
9100678134,FORNO DI CAFFE VIVALDI,FORNO DI CAFFE VIVALDI,CALLE GIRONA 183,08402,GRANOLLERS
9100685852,VINOUS,VINOUS,Carrer d'Emili Botey Alsina 12,08402,GRANOLLERS
9100688641,BAR CAFETERIA LOS DOS 961,BAR CAFETERIA LOS DOS 961,CALLE COLOMBIA 14,08402,GRANOLLERS
9100698912,EL SAZON DE ROSARIO,EL SAZON DE ROSARIO,Carrer del pla de Baix 53,08402,GRANOLLERS
9100699983,bar cafeteria yaki,bar cafeteria yaki,Calle Girona 214,08402,GRANOLLERS
9100700301,TROBADA,TROBADA,Carrer Esteve Terrades 52,08402,GRANOLLERS
9100700874,DÉJÀ VU,DÉJÀ VU,Carrer Montseny 10,08402,GRANOLLERS
9100703647,Platillos,Platillos,Plaça de Pau Casals 14,08402,GRANOLLERS
9100718615,FRUTAS Y VERDURAS NAONY'S,FRUTAS Y VERDURAS NAONY'S,PLAZA CAN BASSA 1,08402,GRANOLLERS
9100718706,IMPERIAL,IMPERIAL,CARRER SANT JOSEP DE CALAÇANS 119,08402,GRANOLLERS
9100723039,IL PICCOLO BIONDO,IL PICCOLO BIONDO,CARRER JOSEP UMBERT 42,08402,GRANOLLERS
9100723531,RESTAURANTE XAP,RESTAURANTE XAP,Carrer de Girona 321,08402,GRANOLLERS
9100729258,FRANKFURT ARIES,FRANKFURT ARIES,Avinguda del Parc 5,08402,GRANOLLERS
9100729405,BAR TRIANA,BAR TRIANA,CALLE VALLESPIR 16,08402,GRANOLLERS
9100730939,MUSIC CLUB RADIKAL,MUSIC CLUB RADIKAL,Carrer Francisco de Quevedo 11,08402,GRANOLLERS
9100732766,BON QUALITAT,BON QUALITAT,Plaça Josep Torras i Bages 2,08402,GRANOLLERS
9100736806,Centre Vallès,Centre Vallès,Carrer de Veneçuela 86,08402,GRANOLLERS
9100737231,Bar Els 4 Vents,Bar Els 4 Vents,Passeig de la Muntanya 154,08402,GRANOLLERS
9100738166,BONA TAPA,BONA TAPA,Passeig de la Muntanya 145,08402,GRANOLLERS
9100742644,EPICUS BAR,EPICUS BAR,Calle Josep Umbert 130,08402,GRANOLLERS
9100742712,ROCA UMBERT FABRICA DELS ARTS,ROCA UMBERT FABRICA DELS ARTS,ENRIC PRAT DE LA RIBA 77,08402,GRANOLLERS
9100743172,FORN LA CARMEN,FORN LA CARMEN,Carrer Esteve Terrades 44,08402,GRANOLLERS
9100743868,BAR XARANA GRANOLLERS,BAR XARANA GRANOLLERS,Carrer del pla de Baix 51,08402,GRANOLLERS
9100745043,Bar Plata,Bar Plata,Avinguda Sant Esteve 96,08402,GRANOLLERS
9100747591,Dania’s Bistro & Grill | Granollers,Dania’s Bistro & Grill | Granollers,Carrer Montseny 4,08402,GRANOLLERS
9100750645,BAR LA GAVINA,BAR LA GAVINA,Carrer de Girona 122,08402,GRANOLLERS
9100755605,Bar Restaurante L'Arpa,Bar Restaurante L'Arpa,Carrer Bertran de Seva 1,08402,GRANOLLERS
9100756365,LAPONIA CAFE,LAPONIA CAFE,PLAZA JOSEP TORRAS I BAGES 2,08402,GRANOLLERS
9100758269,CASA TOI,CASA TOI,Carrer de l'Hospital 7,08402,GRANOLLERS
9100762486,CAFETERIA LA CANTONADA,CAFETERIA LA CANTONADA,Carrer de Montserrat Roig 19,08402,GRANOLLERS
128003,HG CERVECERIA,HG CERVECERIA,"CALLE FRANSCESC RIBAS, 64",08402,GRANOLLERS
9100694685,L'ORIGEN,L'ORIGEN,Carrer de Sant Pere 7,08560,MANLLEU
9100691956,CAFETERIA DULCE DALIA,CAFETERIA DULCE DALIA,Plaça de Fra Bernadí 22,08560,MANLLEU
9100381861,VIOS BAR,VIOS BAR,AVENIDA ROMA 122,08560,MANLLEU
9100722376,BAR LOS CAZADORES MANLLEU,BAR LOS CAZADORES MANLLEU,Avinguda Bellmunt 25,08560,MANLLEU
9100728312,Bar Tissana,Bar Tissana,Carrer de Ripoll 20,08560,MANLLEU
9100641799,ROCK HOUSE,ROCK HOUSE,CALLE JOAN CODINA VIVET S/N,08560,MANLLEU
9100593250,GRANJA CAFETERIA ROMA,GRANJA CAFETERIA ROMA,AVENIDA ROMA 106,08560,MANLLEU
9100577717,CAFETERIA CATALUNYA,CAFETERIA CATALUNYA,Carrer del Montseny 98,08560,MANLLEU
9100540106,BON PROFIT,BON PROFIT,CALLE DOÑ BLANCA 114,08560,MANLLEU
9100536121,BAR VILAMIROSA,BAR VILAMIROSA,CALLE VILAMIROSA 92,08560,MANLLEU
9100520242,BAR UNIO,BAR UNIO,PASEO SANT JOAN 110,08560,MANLLEU
9100494853,EL MOLINET,EL MOLINET,AVENIDA PUIGMAL 100,08560,MANLLEU
9100494288,BAR TAPES I TAPETES,BAR TAPES I TAPETES,PASEO SANT JOAN 194,08560,MANLLEU
9100487378,NOVA OFICINA,NOVA OFICINA,AVENIDA ROMA 220,08560,MANLLEU
9100485303,BAR KANGMIYU,BAR KANGMIYU,CALLE LLEIDA 58,08560,MANLLEU
9100479427,PUB XAUXA,PUB XAUXA,CALLE ENRIC DELARIS 16,08560,MANLLEU
9100467000,BAR SEGORB NOU,BAR SEGORB NOU,CALLE SOGORB 73,08560,MANLLEU
9100420376,BAR ARAMAN,BAR ARAMAN,CALLE GARCIA ESTRADA 20,08560,MANLLEU
9100326018,CROISSANTERIA NACCAR,CROISSANTERIA NACCAR,Carrer de Núria 24,08560,MANLLEU
9100301063,CROISSANTERIA CAPRICI,CROISSANTERIA CAPRICI,CALLE TORRENT MAGI 80,08560,MANLLEU
9100253099,BAR PIRRI,BAR PIRRI,PLAZA SARDANA 1,08560,MANLLEU
9100206311,E.S MANLLEU,E.S MANLLEU,Carrer Francesc Puget 2,08560,MANLLEU
9100194884,CAFE ANTIC,CAFE ANTIC,CARRETERA BV-5224 (TORELLO) KM 1,08560,MANLLEU
9100169134,REST.CAL BATLLE,REST.CAL BATLLE,AVENIDA PIRINEUS S/N,08560,MANLLEU
9100160354,LA COVA DEL VERMUT,LA COVA DEL VERMUT,Plaça de Fra Bernadí 3,08560,MANLLEU
9100159434,BAR KUNDALINI,BAR KUNDALINI,CARRETERA OLOT 58,08560,MANLLEU
9100159298,BAR LES VOLTES,BAR LES VOLTES,PLAZA FRA BERNADI 15,08560,MANLLEU
9100158995,BAR QUINTO I TAPA,BAR QUINTO I TAPA,CARRETERA OLOT 77,08560,MANLLEU
9100158872,BAR LA PARADA,BAR LA PARADA,CALLE PUIGSACALM 15,08560,MANLLEU
9100158492,BAR KOALA,BAR KOALA,PLAZA FRA BERNADI 12,08560,MANLLEU
9100159254,COMERCIAL F.LEIVA,COMERCIAL F.LEIVA,CALLE SOGORB 79,08560,MANLLEU
9100058412,PIANOLA BAR,PIANOLA BAR,CALLE PONT 15,08560,MANLLEU
9100056427,FRANFURT 86,FRANFURT 86,AVENIDA ROMA 221,08560,MANLLEU
9100057531,BAR MERCAT,BAR MERCAT,CALLE PINTOR GUARDIA 6,08560,MANLLEU
9100042378,BAR LA CANTONADA,BAR LA CANTONADA,Carrer Major 31,08150,PARETS DEL VALLES
9100042685,GRANJA BAR EL MASET,GRANJA BAR EL MASET,Plaça de la Vila 8,08150,LLIÇÀ DE VALL
9100043482,BAR KEBAR,BAR KEBAR,CALLE ARAGO 13,08150,PARETS DEL VALLES
9100044179,BAR EMPORDA,BAR EMPORDA,CALLE L'EMPORDA 27,08150,PARETS DEL VALLES
9100044290,CAF# PARIS,CAF# PARIS,CALLE MONISTROL 1,08150,PARETS DEL VALLES
9100227177,BAR FRANKFURT INSBRUCK,BAR FRANKFURT INSBRUCK,CALLE INDEPENDENCIA 51,08150,PARETS DEL VALLES
9100264438,CAFETERIA XURRERIA 20 JA,CAFETERIA XURRERIA 20 JA,LLIBERTAT 2,08150,PARETS DEL VALLES
9100366757,BAR RESTAURANT LA PLAÇA,PETIT GALERA - LA PLAÇA S.L,PLAZA VILA S/N,08150,PARETS DEL VALLES
9100382635,CLUB PETANCA PARETS,CLUB PETANCA PARETS,CALLE VICTOR CATALA 2,08150,PARETS DEL VALLES
9100382635,CLUB PETANCA PARETS,CLUB PETANCA PARETS,CALLE VICTOR CATALA 2,08150,PARETS DEL VALLES
9100413240,CAN LITU'S,CAN LITU'S,CALLE VICTOR CATALA 9,08150,PARETS DEL VALLÈS
9100413240,CAN LITU'S,CAN LITU'S,CALLE VICTOR CATALA 9,08150,PARETS DEL VALLÈS
9100486030,CAMPO FUTBOL PARETS,CAMPO FUTBOL PARETS,Carrer de Víctor Català 18,08150,PARETS DEL VALLES
9100058807,IL PICCOLO BIONDO,IL PICCOLO BIONDO,CALLE SANT JORDI 8,08560,MANLLEU
9100058807,IL PICCOLO BIONDO,IL PICCOLO BIONDO,CALLE SANT JORDI 8,08560,MANLLEU
9100617124,FOOD TRUCK,FOOD TRUCK,CARRER SANT JAUME 134,08150,PARETS DEL VALLES
9100617475,VERMUTERIA Y TAPERIA CAMACHO,VERMUTERIA Y TAPERIA CAMACHO,AVENIDA PEDRA DEL DIABLE 28,08150,PARETS DEL VALLES
9100643487,BAR JALEY (PARETS),BAR JALEY (PARETS),Avinguda de Francesc Macià 11,08150,PARETS DEL VALLES
9100652615,RESTAURANTE SIBLINGS,RESTAURANTE SIBLINGS,Carrer del Raval 1,08150,PARETS DEL VALLES
9100661113,BAR LA ESQUINITA,BAR LA ESQUINITA,Avinguda de Catalunya 102,08150,PARETS DEL VALLES
9100661227,BAR AVENIDA PARETS,BAR AVENIDA PARETS,Avinguda de Catalunya 129,08150,PARETS DEL VALLES
9100670427,La Tasca,La Tasca,Carrer de Monistrol 1,08150,PARETS DEL VALLES
9100671265,RESTAURANT GUST D'ASIA,RESTAURANT GUST D'ASIA,Avinguda de Francesc Macià 12,08150,PARETS DEL VALLES
9100692245,Bar 20 PA K,Bar 20 PA K,Avinguda de Catalunya 133,08150,PARETS DEL VALLES
9100698420,VIKELS,VIKELS,Carrer de la Mina 8,08150,PARETS DEL VALLES
9100701217,BACROM,BACROM,CALLE GARBI 12,08150,PARETS DEL VALLES
9100701291,BAR BRICOLAJE DEPOT,BAR BRICOLAJE DEPOT,CALLE DE LA BASSA S/N,08150,PARETS DEL VALLES
9100733333,TAPAS KEBAB,TAPAS KEBAB,PLAZA MOSSEN PERE BATLLE 1,08150,PARETS DEL VALLES
9100733969,RESTAURANT BRUNCH,RESTAURANT BRUNCH,CALLE XALOC 1,08150,PARETS DEL VALLES
9100738774,CAN MARIO,CAN MARIO,Carrer del Pla dels Estudiants 40,08560,MANLLEU
9100742503,BAR EL TROPEZON,BAR EL TROPEZON,Carrer Doctor Fleming 46,08560,MANLLEU
9100746992,RESTAURANTE EUROPEO CONGOST,RESTAURANTE EUROPEO CONGOST,CALLE CONGOST 1,08150,PARETS DEL VALLES
9100747472,BAR WEI,BAR WEI,Carrer de Tarragona 50,08560,MANLLEU
9100747929,Restaurant bar Mundial,Restaurant bar Mundial,Carrer d'en Santiago Rusiñol 54,08560,MANLLEU
9100758135,MANLLEUET Cerveseria Restaurant,MANLLEUET Cerveseria Restaurant,Plaça de Fra Bernadí 23,08560,MANLLEU
9100759612,AKI MISMO,AKI MISMO,Carrer Salvador Espriu 6,08150,PARETS DEL VALLÈS
9100759982,BAR NOU,BAR NOU,Parc d'Àngela Roca 7,08560,MANLLEU
9100761848,DAHLIA PASTISSERIA,DAHLIA PASTISSERIA,Carrer d'Aragó 11,08150,PARETS DEL VALLÈS
9100766615,HLT,HLT,Carrer Doctor Fleming 53,08560,MANLLEU
9100751000,Club Tennis Barcino,Club Tennis Barcino,Plaça de Narcisa Freixas 2,08022,BARCELONA
9100736471,AUTENTIK'S,AUTENTIK'S,Carrer de Fructuós Gelabert 1,08970,SANT JOAN DESPI
9100736476,AUTENTIK’S CAMPO DE FUTBOL,AUTENTIK’S CAMPO DE FUTBOL,Avinguda de Barcelona 64,08970,SANT JOAN DESPI
119717,903100 PLASTICOS TA-TAY,903100 PLASTICOS TA-TAY,"CTRA. SANT ADRIA A LA ROCA, KM. 15,",08170,MONTORNÈS DEL VALLÈS
119717,903100 PLASTICOS TA-TAY,903100 PLASTICOS TA-TAY,"CTRA. SANT ADRIA A LA ROCA, KM. 15,",08170,MONTORNÈS DEL VALLÈS
9100042801,BRASERIA CAMPINS,BRASERIA CAMPINS SL,Avinguda del Riu Mogent 1,08170,MONTORNÈS DEL VALLÈS
9100055035,RTE. CA LA POLI,RTE. CA LA POLI,CALLE MAJOR 61,08170,MONTORNES DEL VALLES
9100055275,MERCAT DEL CARME BAR,MERCAT DEL CARME BAR,CALLE FEDERICO GARCIA LORCA 3,08170,MONTORNES DEL VALLES
9100055925,BAR SALON DEPORTIVO,AGUILAR SAEZ MANUEL,BLAS INFANTE 2,08170,MONTORNES DEL VALLES
9100120688,CAFE BAR LA FONT,CAFE BAR LA FONT,PLAZA LA FONT 1,08170,MONTORNES DEL VALLES
9100125812,CAN SALA,NICE&WELLCOMING HOME SLU,JOSEP TERRADELLAS SN,08170,MONTORNES DEL VALLES
9100129120,GRANJA SANTIAGO,GRANJA SANTIAGO,CALLE BLAS INFANTE 8,08170,MONTORNES DEL VALLES
9100154524,BAR MAJOR 47,BAR MAJOR 47,PLAZA PAU PICASSO 1,08170,MONTORNES DEL VALLES
9100154591,MERENDERO CAN XEC,MERENDERO CAN XEC,CALLE VILANOVA S/N,08170,MONTORNES DEL VALLES
9100198106,BAR ISLA CRISTINA,BAR ISLA CRISTINA,CALLE PALAU D'AMETLLA 14,08170,MONTORNES DEL VALLES
9100199450,NOU HOLIDAYS,NOU HOLIDAYS,CALLE L'ESTRELLA 12,08170,MONTORNES DEL VALLES
9100296409,BAR CULIBLANCO - CAMPO FUTBOL ATLET,BAR CULIBLANCO - CAMPO FUTBOL ATLET,Carrer del Gran Vial 3,08170,MONTORNÈS DEL VALLÈS
9100513843,RESTAURANTE INJA,RESTAURANTE INJA,CARRETERA SANT ADRIA DEL BESOS-L 17,08170,MONTORNÈS DEL VALLÈS
9100636763,Pizzeria Daniele,Pizzeria Daniele,Carrer de Sant Isidre 13,08170,Montornès del Vallès
9100669904,El Racó d'en Joan,El Racó d'en Joan,Carrer de Carles Riba 3,08170,MONTORNÈS DEL VALLÈS
9100702913,BAR MARIA,BAR MARIA,Carrer del Sol 3,08170,MONTORNÈS DEL VALLÈS
9100724298,WOOD & COFFEE,WOOD & COFFEE,Carrer de Jacint Verdaguer 9,08170,MONTORNÈS DEL VALLÈS
9100725292,Forn La Miranda coffe & Beer,Forn La Miranda coffe & Beer,Carrer la Pau 10,08170,MONTORNÈS DEL VALLÈS
9100726583,BRASERIA LA TEJA,BRASERIA LA TEJA,Carrer Major 57,08170,MONTORNÈS DEL VALLÈS
9100728401,BAR CAFETERIA ATLAS,BAR CAFETERIA ATLAS,Carrer de Sant Isidre 16,08170,MONTORNÈS DEL VALLÈS
9100728505,BAR PLAZA PUEBLO,BAR PLAZA PUEBLO,Plaça del Poble 14,08170,MONTORNÈS DEL VALLÈS
9100729533,CAFETERIA LA CANTONADA,CAFETERIA LA CANTONADA,BV-5001 32-34,08170,MONTORNÈS DEL VALLÈS
9100752742,Bar Baudilio,Bar Baudilio,Carrer de Federico García Lorca 2,08170,MONTORNÈS DEL VALLÈS
9100752760,ARTICAT(FANTASIAS Y SONRISAS),ARTICAT(FANTASIAS Y SONRISAS),CALLE CONSELL DE CENT 5,08170,MONTORNÈS DEL VALLÈS
9100760817,OASIS,OASIS,Carrer de Federico García Lorca 23,08170,MONTORNÈS DEL VALLÈS
9100676061,Bar Tapas Bike,Bar Tapas Bike,PASSEIG DE LA FLORIDA 15,08130,SANTA PERPÈTUA DE MOGODA
9100743597,EL PUNT DE TROBADA,EL PUNT DE TROBADA,CARRER COLOM 209,08223,TERRASSA
9100743608,BAR LA PENYA 1,BAR LA PENYA 1,CARRETERA MONTCADA 148,08223,TERRASSA
9100745932,Bar Troika,Bar Troika,Carrer del Germà Joaquim 55,08223,TERRASSA
9100727035,BAR EL TUPÍ,BAR EL TUPÍ,Avinguda Nostra Senyora de Monts 22,08504,SANT JULIÀ DE VILATORTA
9100723081,Els Angelets de Sobrevia,Els Angelets de Sobrevia,Carretera Seva 2,08554,SANT MIQUEL DE BALENYA
9100666742,JUDIT SERRA CORCOLL,JUDIT SERRA CORCOLL,Carrer del Tiŀler 27,08503,GURB
9100741999,Forn de Pa Gaba,Forn de Pa Gaba,Avinguda Catalunya 3,08105,SANT FOST DE CAMPSENTELLES
9100736469,Cafeteria Nova & Gent,Cafeteria Nova & Gent,Carrer de Milà 22,08917,BADALONA
9100722593,BAR CAN PLANOLES,BAR CAN PLANOLES,Carrer Ramon Pujols Claveras 42,08510,RODA DE TER
9100703787,FORN ANFRUNS PAVICSA,FORN ANFRUNS PAVICSA,Carrer Gran 15,08506,CALLDETENES
9100703223,CASANOVA DEL CASTELL,CASANOVA DEL CASTELL,CASA NOVA DEL CASTELL S/N,08585,MONTESQUIU
9100691332,PISCINES SANT QUIRZE,PISCINES SANT QUIRZE,Carrer del Mestre Quer 12,08580,SANT QUIRZE DE BESORA
9100677847,CLUB DARDS BESORA,CLUB DARDS BESORA,AUTOVIA C-17 S/N,08580,SANT QUIRZE DE BESORA
9100695204,HORDES SPT,HORDES SPT,Carrer Josep Vilanova 27,08572,SANT PERE DE TORELLÓ
9100723139,CAFETERIA GAUDEIX,CAFETERIA GAUDEIX,CALLE DEL CASAL 1,08415,BIGUES I RIELLS
9100737399,MAISON DU GRAIN (STA EULALIA),MAISON DU GRAIN (STA EULALIA),CALLE DE LA FABRICA 26,08187,SANTA EULALIA DE RONÇANA
9100747990,Pavelló Municipal de Ripoll,Pavelló Municipal de Ripoll,Carrer de Concepció Ducloux s/n,17500,RIPOLL
9100723869,RESTAURANT AL GRA,RESTAURANT AL GRA,AVINGUDA DEL CASTELL 18,08570,TORELLO
9100747927,Iris café,Iris café,Passeig de l'Ametlla 19,08480,L'AMETLLA DEL VALLÈS
9100682560,EL BARETU,EL BARETU,PASEO TER S/N,08585,MONTESQUIU
9100758280,CARNICERIA RODRIGUEZ,CARNICERIA RODRIGUEZ,Carrer Rosselló 22,08521,BELLAVISTA
9100628975,MESON 20 P KA,MESON 20 P KA,PASAJE MARTI S/N,08185,LLIÇÀ DE VALL
9100653354,REST. EL PASO,REST. EL PASO,Camí de la Pineda 6,08186,LLIÇÀ D'AMUNT
9100653355,EL TIRO DE GRANOLLERS,EL TIRO DE GRANOLLERS,Passeig l'Alzina 1,08420,CANOVELLES
9100659648,GRANBARA,GRANBARA,Carrer de Joanot Martorell 34,08403,GRANOLLERS
9100662674,Comercial  Bebidas Burj SL,Comercial  Bebidas Burj SL,Passeig de la Conca de Besòs 45,08403,GRANOLLERS
9100666589,CLUB CAL ARTIGUES,CLUB CAL ARTIGUES,Carrer de la Ribera d'Ebre 56,08186,LLIÇÀ D'AMUNT
9100677459,PADELIN,PADELIN,Carrer Can Nadal 12,08185,LLIÇÀ DE VALL
9100678295,TAPETES BAR,TAPETES BAR,Passeig de les Corts Catalanes 7,08160,MONTMELÓ
9100679516,Asso. Gent Gran Llissa de Munt,Asso. Gent Gran Llissa de Munt,Carrer de Folch i Torres 102,08186,LLIÇÀ D'AMUNT
9100679898,CAFETERIA LONDONET,CAFETERIA LONDONET,Carrer d'Anselm Clavé 60,08186,LLIÇÀ D'AMUNT
9100679906,LES TRES COPES RESTAURANT,LES TRES COPES RESTAURANT,Carrer de Barcelona 136,08105,SANT FOST DE CAMPSENTELLES
9100681160,RESTAURANT NOU CAP MANY,RESTAURANT NOU CAP MANY,CALLE GALILEU GALILEI 16,08403,GRANOLLERS
9100683566,CULTURAL LA FABRICA,CULTURAL LA FABRICA,Camí del Gual 11,08187,SANTA EULÀLIA DE RONÇANA
9100698329,MESON 20 P KA,MESON 20 P KA,PASAJE MARTI S/N,08185,LLIÇÀ DE VALL
9100717355,BAR LA CANYA - 3,BAR LA CANYA - 3,CALLE RAFAEL CASANOVA 6,08186,LLIÇÀ D'AMUNT
9100723356,KAIA,KAIA,Avinguda dels Països Catalans 90,08186,LLIÇÀ D'AMUNT
9100726650,BAR DEL CENTRO,BAR DEL CENTRO,CALLE ANSELM CLAVE 70,08186,LLIÇÀ D'AMUNT
9100729132,BAR ZONA ZERO,BAR ZONA ZERO,CALLE MATARRANYA 2,08186,LLIÇÀ D'AMUNT
9100729658,AVITU CAFE,AVITU CAFE,Carrer Raval 5,08185,PARETS DEL VALLES
9100729943,PIZZERIA MAYOR,PIZZERIA MAYOR,Carrer Major 27,08160,MONTMELÓ
9100733355,EL BAR DE LA ISA,EL BAR DE LA ISA,Carrer Barcelona 60,08521,BELLAVISTA
9100735422,BOKAO,BOKAO,CALLE VIC 7,08160,MONTMELÓ
9100735547,Casal Avis Extremadura,Casal Avis Extremadura,Pasaje Extremadura S/N,08521,LES FRANQUESES DEL VALLES
9100736215,Hotel Solana Del Ter,Hotel Solana Del Ter,C-17 17,17500,RIPOLL
9100736235,Restaurant El Roquet,Restaurant El Roquet,Carrer Pirineu S/N,08519,TAVERNOLES
9100736259,Restaurant Fussimanya,Restaurant Fussimanya,Ctra. Parador Km. 7,08519,TAVÈRNOLES
9100736266,EL SERRADET BAR,EL SERRADET BAR,BP-4654 Km 1.2,08588,SORA
9100736272,ELS ENLLETATS,ELS ENLLETATS,CARRER AJUNTAMENT 5,08571,SAN VICENÇ DE TORELLO
9100736411,BAR CASAL CAMPRODON,BAR CASAL CAMPRODON,Plaça del Dr. Robert 1,17867,CAMPRODON
9100736486,Somni d'estiu bar,Somni d'estiu bar,Carrer d'Europa 1,08913,BADALONA
9100736670,Bar libra,Bar libra,Carrer Provença 29,08521,BELLAVISTA
9100742280,BAR LA PETRA II,BAR LA PETRA II,CARRER MARE DE DEU DE LA SALUT 3,08187,SANTA EULÀLIA DE RONÇANA
9100742290,BAR DE LA BENZINERA HIGIENE,BAR DE LA BENZINERA HIGIENE,CARRETERA N-141 D S/N,08506,CALLDETENES
9100743554,Bar Refugio,Bar Refugio,Avinguda del Mil·lenari s/n,08160,MONTMELÓ
9100743595,BAR LA PENYA - 2,BAR LA PENYA - 2,CARRER DE L'ANOIA 7,08192,SANT QUIRZE DEL VALLÈS
9100745325,Casal de la Gent Gran de Palaudàrie,Casal de la Gent Gran de Palaudàrie,Carrer de Palaudàries 88,08186,LLIÇÀ D'AMUNT
9100745792,Venecia,Venecia,AVENIDA MIL.LENARI 12,08160,MONTMELÓ
9100745929,FRANKFURT REITER,FRANKFURT REITER,CALLE PINTOR HUGUET 62,08226,TERRASSA
9100750650,PUERTO DULCE,PUERTO DULCE,CARRER DE VOLTREGÀ 15,08570,TORELLÓ
9100751813,BAR ZEMNU,BAR ZEMNU,CARRETERA OLESA S/N,08232,VILADECAVALLS
9100756104,CARNS I EMBOTITS EMPAR,CARNS I EMBOTITS EMPAR,Carretera de Ribes 21,08585,MONTESQUIU
9100756188,LA LLAVOR,LA LLAVOR,Plaça Nova 8,08570,TORELLÓ
9100756958,GRANJA Ca LA MARÍA,GRANJA Ca LA MARÍA,Avinguda de Catalunya 61,08185,LLIÇÀ DE VALL
9100757467,412 COFFEE BEER,412 COFFEE BEER,CARRETERA LA ROCA S/N,08105,SANT FOST DE CAMPSENTELLE
9100757477,BRUNCH 4.12 MUSIC,BRUNCH 4.12 MUSIC,Plaça la Vila 2,08105,SANT FOST DE CAMPSENTELLES
9100757707,COLLA GRILLATS,COLLA GRILLATS,Carrer del Pont 31,08570,TORELLÓ
9100759429,BAR CAMP DE TIR,BAR CAMP DE TIR,Carretera de Manlleu km 4,08503,GURB
9100761780,BAR LINARES,BAR LINARES,Plaça Sant Isidre S/N,08160,MONTMELÓ
9100761923,ASSOCIACIO DIABLES DEL PONT VELL,ASSOCIACIO DIABLES DEL PONT VELL,Avinguda Tecla Sala 40,08510,RODA DE TER
9100764980,BAR EPORA 2,BAR EPORA 2,Passeig Andalusia 5,08521,BELLAVISTA
9100767890,CAL CISTELLER,CAL CISTELLER,Plaça Mossen Cinto Verdaguer 3,08519,FOLGUEROLES
9100675584,ALBA AUDIOVISUALS,ALBA AUDIOVISUALS,CALLE METALURGIA S/N,08186,LLIÇA D´AMUNT
9100759837,GLOBAL ART COOKING,GLOBAL ART COOKING,Carretera de Balenyà 237,08552,TARADELL
9100736222,CAN JANOT RESTAURANT,CAN JANOT RESTAURANT,Carrer Montseny 15,08519,TAVÈRNOLES
9100669176,LA CABANYA CAFETERIA,LA CABANYA CAFETERIA,Carrer Sant Roc 68,08570,TORELLÓ
9100673284,BAR DOBLE Z,BAR DOBLE Z,Carrer de Manlleu 7,08570,TORELLO
9100736185,ELS PAGESOS,ELS PAGESOS,N-260 104,17860,SANT JOAN DE LES ABADESSES
9100736219,BAR FLORIDA,BAR FLORIDA,Carrer Lleida 7,17403,SANT HILARI SACALM
9100736220,CA L'ANNA,CA L'ANNA,PLAZA CONSTITUCIO S/N,17534,RIBES DE FRESER
9100739178,BAR CLAVE,BAR CLAVE,Carrer de l'Alcalde Pere Rovira 2,17860,SANT JOAN DE LES ABEDESSES
9100736244,BAR PETIT,BAR PETIT,Carrer de Sant Quinti 45,17534,RIBES DE FRESER
9100742664,CAL NASIET,CAL NASIET,PLAZA ANSELM CLAVE 3,17530,CAMPDEVÀNOL
9100736227,B-VIKY,B-VIKY,CALLE SANT JAUME 25,17401,ARBÚCIES
9100736228,Bar Restaurant Can Parlet,Bar Restaurant Can Parlet,Carrer de la Canal 9,17869,VILALLONGA DE TER
9100764653,HOTEL STOP,HOTEL STOP,N-2 494,25250,BELLPUIG
9100529900,BAR CATALUNYA (ST.JULIA),BAR CATALUNYA (ST.JULIA),PLAZA MARQUES DE LA QUADRA 11,08504,SANT JULIÀ DE VILATORTA
9100527964,DROGUERIA JUNYENT,DROGUERIA JUNYENT,CALLE BELLMUNT 12,08503,GURB
9100473659,INDIA ''ESCLAT'',INDIA ''ESCLAT'',CARRETERA C-17 S/N,08551,TONA
9100451636,GURBI,GURBI,CALLE JACINT VERDAGUER 20,08503,GURB
9100180416,BODEGA CAPDEVILA,BODEGA CAPDEVILA,CALLE DOCTOR BAYES 2,08551,TONA
9100129392,BAR NURIA ST.JULIA VILATORTA,BAR NURIA ST.JULIA VILATORTA,CALLE NURIA 27,08504,SANT JULIÀ DE VILATORTA
9100058963,EL SERRAT DEL FIGAR#,EL SERRAT DEL FIGAR#,"CARRETERA BALENYA KM 1,3",08552,TARADELL
9100059072,CAFE BAR CA L'ABEL,CAFE BAR CA L'ABEL,Carrer Montserrat 20,08507,SANTA EUGÈNIA DE BERGA
9100542720,BAR XINO XANO,BAR XINO XANO,CALLE PUIG-ROVI 31,08570,TORELLÓ
9100515642,BAR MONTSERRAT,BAR MONTSERRAT,AVENIDA MONTSERRAT 7,08570,TORELLÓ
9100473327,EL CASTELL DE BESORA,EL CASTELL DE BESORA,PASEO PLA DE TEIA 38,08584,SANTA MARIA DE BESORA
9100246985,SANTUARI DE BELLMUNT,SANTUARI DE BELLMUNT,LUGAR SANTUARI DE BELLMUNT 1,08572,SANT PERE DE TORELLÓ
9100246985,SANTUARI DE BELLMUNT,SANTUARI DE BELLMUNT,LUGAR SANTUARI DE BELLMUNT 1,08572,SANT PERE DE TORELLÓ
9100136123,BAR XANIA,BAR XANIA,CALLE MONTESQUIU 41,08570,TORELLÓ
9100136123,BAR XANIA,BAR XANIA,CALLE MONTESQUIU 41,08570,TORELLÓ
9100112395,CAFETERIA BUGATTI,CAFETERIA BUGATTI,PLAZA NOVA 2,08570,TORELLÓ
9100059171,SUPERMERCAT ROVIRA,SUPERMERCAT ROVIRA,CALLE EL CANIGO 68,08570,TORELLÓ
9100059082,SPORT BAR (SANT QUIRZE),SPORT BAR (SANT QUIRZE),CARRETERA BERGA 6,08580,SANT QUIRZE DE BESORA
9100059021,DCAFE,DCAFE,CALLE TER 66,08570,TORELLÓ
9100058835,BAR XICRA,BAR XICRA,CALLE JOSEP VILANOVA 6,08572,SANT PERE DE TORELLÓ
9100560156,VERNISSAGE,VERNISSAGE,AVENIDA LA SEU 2,08503,GURB
9100159144,BAR KARNAK,BAR KARNAK,CALLE MAJOR 12,08519,FOLGUEROLES
9100577716,FORN CAN QUEL,FORN CAN QUEL,PLAÇA MAJOR 12,08510,RODA DE TER
9100522381,"AGROBOTIGA RODA, SL","AGROBOTIGA RODA, SL",CALLE SANT PERE 32,08510,RODA DE TER
9100491082,BAR AUDITORI TEATRE CALLDETENES,BAR AUDITORI TEATRE CALLDETENES,PLAZA ONZE DE SETEMBRE 1,08506,CALLDETENES
9100383438,BAR LA MOSSEGADA,BAR LA MOSSEGADA,CALLE BAC DE RODA 40,08510,RODA DE TER
9100372136,CAMP DE FUTBOL DE RODA,CAMP DE FUTBOL DE RODA,AVENIDA TECLA SALA S/N,08510,RODA DE TER
9100350948,BAR SANT SEBASTIA,BAR SANT SEBASTIA,CALLE TORRENT 3,08510,RODA DE TER
9100305726,CAN PAIROT,CAN PAIROT,Lugar Pairot de Baix s/n,08509,SANTA CECILIA DE VOLTREGÀ
9100247403,E.S. RODA ( BOTIGA ),E.S. RODA ( BOTIGA ),CALLE BAC DE RODA 45,08510,RODA DE TER
9100159423,BAR NOU,BAR NOU,CALLE BATLLE SERRALLONGA 11,08512,SANT HIPÒLIT DE VOLTREGÀ
9100159383,RESTAURANT DORCA,RESTAURANT DORCA,Avinguda Gaudí 34,08512,SANT HIPÒLIT DE VOLTREGÀ
9100159311,BAR RESTAURANT EL GOT,BAR RESTAURANT EL GOT,Carrer Barcelona 28,08508,LES MASIES DE VOLTREGÀ
9100158623,FONDA URGELL,FONDA URGELL,CALLE BAC DE RODA 44,08510,RODA DE TER
9100145307,SUKIPA,SUKIPA,CALLE GRAN 9,08506,CALLDETENES
9100448962,ROSTISSERIA LA PARADA,ROSTISSERIA LA PARADA,AVENIDA SANT BARTOMEU DEL GRAU S/N,08503,GURB
9100342026,SALA LA CABRA,SALA LA CABRA,CALLE SANT JORDI 9,08503,GURB
9100270631,BAR RESTAURANT THIANA,BAR RESTAURANT THIANA,Avinguda Tecla Sala 42,08510,RODA DE TER
9100171360,CAFE DE L'ESGLESIA,CAFE DE L'ESGLESIA,CALLE MOSSEN PARASSOLS 1,08570,TORELLÓ
9100095188,MATADERO FRIGORIFICO AVINYO,MATADERO FRIGORIFICO AVINYO,"Carretera de Prats de Lluça Km 53,5",08279,AVINYÓ
9100058012,CAMPING LA VALL,CAMPING LA VALL,Camí la Vallmitjana s/n,08552,TARADELL
9100058012,CAMPING LA VALL,CAMPING LA VALL,Camí la Vallmitjana s/n,08552,TARADELL
9100058180,MAS L' ALBAREDA,MAS L' ALBAREDA,Avinguda de Sant Llorenç 68,08504,SANT JULIÀ DE VILATORTA
9100058299,CANTABRIA RESTAURANT,CANTABRIA RESTAURANT,CARRETERA B-521 (SANT HIPOLIT) KM 4,08503,GURB
9100058446,GUSTUM AREAS 1 (LLEIDA-GIRONA),GUSTUM AREAS 1 (LLEIDA-GIRONA),"CARRETERA C-25 EIX TRANSVE KM 174,6",08503,GURB
9100058476,GUSTUM AREAS 2 (GIRONA-LLEIDA),GUSTUM AREAS 2 (GIRONA-LLEIDA),"CARRETERA C-25 EIX TRANSVE KM 174,6",08503,GURB
9100058613,L'OLLA ROSTIDORIA,L'OLLA ROSTIDORIA,Carrer Núria 103,08570,TORELLÓ
9100058617,CAFETERIA PIZZERIA EL PONT,CAFETERIA PIZZERIA EL PONT,Carrer de Barcelona 71,08510,RODA DE TER
9100058730,ESCOLA D'HOSTALERIA D'OSONA,ESCOLA D'HOSTALERIA D'OSONA,Passeig de la Suïssa s/n,08551,TONA
9100056658,MASIA LA ROCA,MASIA LA ROCA,CALLE SANTA FE 2,08552,TARADELL
9100056827,CAL TEIXIDOR,CAL TEIXIDOR,Carrer de Puig-l'agulla s/n,08504,SANT JULIÀ DE VILATORTA
9100056987,LA CABRA BAR,LA CABRA BAR,CARRETERA B-522 VIC-MANLLEU KM 2,08503,GURB
9100056988,LA TAVERNA,LA TAVERNA,Carrer de Sant Feliu 19,08570,TORELLÓ
9100057038,PRIMER EXPRESS,PRIMER EXPRESS,Carrer dels Estudis 6,08570,TORELLÓ
9100057483,CA L'ANGEL BAR,CA L'ANGEL BAR,Plaça els Països Catalans 1,08570,TORELLÓ
9100057514,LA FORJA,LA FORJA,CALLE BARCELONA 13,08503,GURB
9100057776,RESTAURANT EL ROSER,RESTAURANT EL ROSER,Avinguda Pau Casals 22,08506,CALLDETENES
9100057906,MARINA BAR,MARINA BAR,Calle de Enrique Prat de la Riba 15,08570,TORELLÓ
9100057926,EL RECO D'EN PERE,EL RECO D'EN PERE,CALLE PIRINEU 22,08507,SANTA EUGÈNIA DE BERGA
9100058772,BRASSERIA EL TRIANGLE COHO,BRASSERIA EL TRIANGLE COHO,MATABOSCH C DEL TER 200,08570,TORELLÓ
9100639954,ESPURNA DEL TER,ESPURNA DEL TER,CALLE PIRINEU 8,08510,LES MASIES DE RODA
9100618226,CAFETERIA SANT TOMÀS,CAFETERIA SANT TOMÀS,AVENIDA LA RIBERA 5,08503,GURB
9100633779,PADEL INDOOR TORELLO,PADEL INDOOR TORELLO,C/ ESQUIROL S/N,08570,TORELLÓ
9100600530,CASAL VILASECA,CASAL VILASECA,CARRETERA BV-5626 7,08571,ST. VINCENÇ DE TORELLO
9100527972,VALERO VALLES,VALERO VALLES,CALLE FRANÇA 16,08228,TERRASSA
9100058394,L'AURO,L'AURO,AUTOVIA C-17 KM 762,08573,ORÍS
9100041503,CAL QUIM,CAL QUIM,AVENIDA POMPEU FABRA 3,08160,MONTMELO
9100042301,BAR CA LA MARI,GAMAZO FREIRE SANTIAGO,Prat de la Riba 74,08415,BIGUES I RIELLS
9100042414,CHACHI'S BAR,CHACHI'S BAR,Plaça de la Vila S/N,08185,LLIÇÀ DE VALL
9100042846,GRANJA D'EN PEP,GRANJA D'EN PEP,PLAZA VILA 15,08185,LLI#A DE VALL
9100043170,CA LA SETE,TORO DIAZ SETEFILLA,Avinguda de Sant Julià 217,08403,GRANOLLERS
9100043317,BAR CAFETERIA EL TAST,BAR CAFETERIA EL TAST,CARRETERA CALDES KM 14-15,08186,LLIÇÀ D'AMUNT
9100044116,BAR LA TACITA,BAR LA TACITA,CALLE DIPUTACIO 10,08160,MONTMELO
9100044483,RINCON DEL DUENDE,RINCON DEL DUENDE,Carrer Tenes 23,08186,LLIÇÀ D'AMUNT
9100044483,RINCON DEL DUENDE,RINCON DEL DUENDE,Carrer Tenes 23,08186,LLIÇÀ D'AMUNT
9100055559,LA FLOR MARISQUERIA,MARISQUERIA LA FLOR SCP,ANSELM CLAVE 3,08106,SANTA MARIA DE MARTORELLES
9100076545,CAFETERIA PANADERIA + QUE PA,CAFETERIA PANADERIA + QUE PA,CALLE CELLECS 6,08520,LES FRANQUESES DEL VALLES
9100112714,PARADIS GRANJA,PARADIS GRANJA,CALLE LA PRIMAVERA 10,08107,MARTORELLES
9100158437,CLASSIC CLUB MONTMELO,CLASSIC CLUB MONTMELO,CALLE SANTIAGO RUSIÑOL,08160,MONTMELO
9100238822,CRISTINA BAR,CRISTINA BAR,AVENIDA PIERA 33,08107,MARTORELLES
9100301605,LA PARDITA,SUJIE HUANG,AVENIDA CATALUNYA 63,08185,LLIÇÀ DE VALL
9100371601,EL RACO DE LA PETRA,EL RACO DE LA PETRA,CALLE MATARRANYA 6,08186,LLIÇA D'AMUNT
9100377532,BAR RTE DOCTÑE,BAR RTE DOCTÑE,CALLE CARRERADA 11,08107,MARTORELLES
9100377532,BAR RTE DOCTÑE,BAR RTE DOCTÑE,CALLE CARRERADA 11,08107,MARTORELLES
9100410532,CAFETERIA DEGUSTACION LA CANTONADA,CAFETERIA DEGUSTACION LA CANTONADA,PASEO ANDALUSIA 24,08521,BELLAVISTA
9100411688,BAR PAREDES 4,BAR PAREDES 4,PASEO ANDALUSIA 9,08521,LES FRANQUESES DEL VALLÈS
9100411688,BAR PAREDES 4,BAR PAREDES 4,PASEO ANDALUSIA 9,08521,LES FRANQUESES DEL VALLÈS
9100414445,BAR LA TAHONA,BAR LA TAHONA,CARRETERA PALAUDARIES 79,08186,LLIÇÀ D'AMUNT
9100414445,BAR LA TAHONA,BAR LA TAHONA,CARRETERA PALAUDARIES 79,08186,LLIÇÀ D'AMUNT
9100422647,SNACK BAR OASIS,SNACK BAR OASIS,CARRETERA CALDES 57,08403,GRANOLLERS
9100422647,SNACK BAR OASIS,SNACK BAR OASIS,CARRETERA CALDES 57,08403,GRANOLLERS
9100424065,BAR MARIA,BAR MARIA,CALLE MAJOR 53,08160,MONTMELÓ
9100424065,BAR MARIA,BAR MARIA,CALLE MAJOR 53,08160,MONTMELÓ
9100511092,PADEL SPORTS & HEALTH OXIGEN,PADEL SPORTS & HEALTH OXIGEN,CALLE LA VERNEDA 66-70,08107,MARTORELLES
9100054889,LA CUPULA BAR,LA CUPULA BAR,PLAZA LA VILA 4,08105,SANT FOST DE CAMPSENTELLES
9100055361,LA ROSA BAR,LA ROSA BAR,CALLE POMPEU FABRA 41,08105,SANT FOST DE CAMPSENTELLES
9100243079,BAR JOAN,BAR JOAN,CALLE BARCELONA 74,08105,SANT FOST DE CAMPSENTELLES
9100447655,CAFETERIA ANGELA,CAFETERIA ANGELA,AVENIDA SANT JERONI 4,08105,SANT FOST DE CAMPSENTELLES
9100505409,INMOBILIARIA BENSOR,INMOBILIARIA BENSOR,AVENIDA SANT JERONI 7,08105,SANT FOST
9100528985,SALTING GRANOLLERS,SALTING GRANOLLERS,Carretera Cardedeu 1,08520,BARCELONA
9100530921,BAR LA GRANJA,BAR LA GRANJA,AVENIDA CANTALLOPS S/N,08185,LLIÇÀ DE VALL
9100558085,BAR CAMPO FUTBOL MONTMELO,BAR CAMPO FUTBOL MONTMELO,Carrer Folch i Torras 1,08160,MONTMELÓ
9100056389,JORDI FERNANDEZ GODOY,JORDI FERNANDEZ GODOY,PIRINEO 97,08570,TORELLÓ
9100044002,RSTE. LA PAGESA,PLACHEXERIA NADAL ANTONIO,SABADELL A GRANOLLERS KM 10.5,08185,LLIÇA DE VALL
9100054923,BAR CABALLERO (OCAÑA),SERRALADA DE CAPER SL,AVENIDA PIERA 45,08107,MARTORELLES
9100070576,BAR LA TACITA DE PLATA,BAR LA TACITA DE PLATA,CALLE BARCELONA 62,08521,LES FRANQUESES DEL VALLES
9100120656,LA LLAR DE FOC I,LA LLAR DE FOC I,MONTSERRAT 41-43,08185,LLIÇA DE VALL
9100120981,FORN DE PA R. RIUS,FORN DE PA R. RIUS,AVENIDA CANOVELLES 86,08420,CANOVELLES
9100127929,BAR LOS CAZADORES (GRANOLLERS),RECRETIVE THE GAME 2005 SL,CALLE GIRONA 300,08521,BELLAVISTA
9100134891,BAR GARCIA,BAR GARCIA OC PEREZ SL,NAVARRA 43,08430,ROCA DEL VALLES (LA)
9100139142,RAIGUER III,DOMUS VALLES FINQUES S.L.,CAN FENOSA 21,08107,MARTORELLES
9100151684,PEPE.COM,PEPE.COM,AVENIDA MIL.LENARI 15,08160,MONTMELO
9100172700,PASTISSERIA CAN GANDUXER,FELIX MARTINEZ CARLOS,ANDALUCIA 4,08520,LES FRANQUESES DEL VALLÈS
9100264859,BAR LA MIRANDA,BAR LA MIRANDA,CALLE DOCTOR FLEMING 6,08185,LLIÇÀ DE VALL
9100342550,EL RECO DEL PLA,EL RECO DEL PLA,CALLE FRANCESC LAYRET 19-21,08107,MARTORELLES
9100054600,CELLER DE CAN RODA,CELLER DE CAN RODA,CALLE L'HORTA 18,08107,MARTORELLES
9100055177,CAL TETE SANT FOST,CAL TETE SANT FOST,AVENIDA SANT JERONI 13,08105,SANT FOST DE CAMPSENTELLES
9100252058,FAMILIAR BAR RESTAURANTE,FAMILIAR BAR RESTAURANTE,AVENIDA SANT JERONI 3,08105,SANT FOST DE CAMPSENTELLES
128916,(RESTAURANT) SPORT & HEALTH OXIGEN,(RESTAURANT) SPORT & HEALTH OXIGEN,"CALLE VERNEDA 66-70, LOCAL 2",08107,MARTORELLES
126089,EL DEHESA,EL DEHESA,Plaça Augusta 3,08173,SANT CUGAT DEL VALLÈS
126089,EL DEHESA,EL DEHESA,Plaça Augusta 3,08173,SANT CUGAT DEL VALLÈS
119956,"FRIT RAVICH, S.L.","FRIT RAVICH, S.L.",POL. IND. PUIGTIO CARRER RIUDELLOTS,17412,MAÇANET DE LA SELVA
9100190779,PALENTINO BAR,ALFREDO PICADO ALFREDO,Avinguda de la Llibertat 39,08100,MOLLET DEL VALLES
9100271543,RTE JAPONES YOI AJI,SUIDONG,AVENIDA LLIBERTAT 28,08100,MOLLET DEL VALLES
9100305166,ESTUDIANTIL BAR,BERNARDO,AVENIDA BURGOS 76,08100,MOLLET DEL VALLES
9100305167,MONTSENY GRANJA BAR,BERNARDO,AVENIDA BADALONA 8,08100,MOLLET DEL VALLES
9100354651,GIOVANNI GELATERIA,GIOVANNI GELATERIA,CALLE MERCAT 7,08100,MOLLET DEL VALLES
9100517197,OH PALADAR,OH PALADAR,CALLE ITALIA 28-30,08100,MOLLET DEL VALLES
9100519718,BAR DE L?ILLA,BAR DE L?ILLA,AVENIDA LLIBERTAT 24,08100,MOLLET DEL VALLÈS
9100054838,Bar El Parque,Bar El Parque,Carrer de Magallanes 16,08100,MOLLET DEL VALLES
9100055377,CASAL CULTURAL DE MOLLET,CASAL CULTURAL DE MOLLET,RAMBLA BALMES 2,08100,MOLLET DEL VALLES
9100121732,BAR EBANO,WEIHONG,CALLE ANSELM CLAVE 19-21,08100,MOLLET DEL VALLES
9100281244,BAR GRANJA J.J.,YANGJUN,Carrer Can Magre 23,08100,MOLLET DEL VALLES
9100296646,FRANKFURT MOLLET SL,SINGH,Plaça de Prat de la Riba 19,08100,MOLLET DEL VALLES
9100331748,CAFETERIA PASTELERIA CALDERON,CAFETERIA PASTELERIA CALDERON,CALLE ENRIC MORERA 42,08100,MOLLET DEL VALLES
9100336673,HOTEL IBIS,HOTEL IBIS,CALLE NICARAGUA 5,08100,MOLLET DEL VALLES
9100336673,HOTEL IBIS,HOTEL IBIS,CALLE NICARAGUA 5,08100,MOLLET DEL VALLES
9100341736,BAR CAN BORRELL,DACHUN,SALVADOR ESPRIU 32,08100,MOLLET DEL VALLES
9100369998,BAR LA TIETA,PEIJE,Avinguda de Jaume I 77,08100,MOLLET DEL VALLES
9100444956,BAR TRANSIT,BAR TRANSIT,ANTONI GAUDI 9,08100,MOLLET DEL VALLÈS
9100486027,BAR LOS CAZADORES,BAR LOS CAZADORES,CALLE GALLECS 17,08100,MOLLET DEL VALLÈS
9100514208,SERGIO MORENO LIEBANA,SERGIO MORENO LIEBANA,CALLE DE LA JUSTADA 18,08100,MOLLET DEL VALLÈS
9100517477,EZEQUIEL GUARDIOLA DOÑA,EZEQUIEL GUARDIOLA DOÑA,AVENIDA LLIBERTAT 45,08100,MOLLET DEL VALLÈS
9100520123,CAL JORDI BAR,CAL JORDI BAR,AVENIDA LLIBERTAT 4,08100,MOLLET DEL VALLÈS
9100522192,BAR CORALEX,BAR CORALEX,CALLE JOAN MARAGALL 19,08100,MOLLET DEL VALLÈS
9100536443,CARLOS JUNCA SÁNCHEZ,CARLOS JUNCA SÁNCHEZ,SANT JORDI 49,08100,MOLLET DEL VALLÈS
9100536466,RAUL MOLIST SANZ,RAUL MOLIST SANZ,CALLE ONZE DE SETEMBRE 9-13,08100,MOLLET DEL VALLÈS
9100536469,JOSE MARIA SORIA JURADO,JOSE MARIA SORIA JURADO,CALLE SANT VALENTI 1,08100,MOLLET DEL VALLÈS
9100536481,OSCAR REDONDO LORENZO,OSCAR REDONDO LORENZO,AVENIDA ANTONI GAUDI 8,08100,MOLLET DEL VALLÈS
9100541892,JULIO ALEJANDRO SANCHEZ FERNANDEZ,JULIO ALEJANDRO SANCHEZ FERNANDEZ,CALLE MOLI DE CAN BASSA S/N,08100,MOLLET DEL VALLÈS
9100567861,XAVIER FERRANDIZ RIBA,XAVIER FERRANDIZ RIBA,CALLE MOLI DE CAN BASSA S/N,08100,MOLLET DEL VALLÈS
9100568458,JOSE ESCABIAS OSORIO,JOSE ESCABIAS OSORIO,CALLE MOLI DE CAN BASSA S/N,08100,MOLLET DEL VALLÈS
9100497829,BAR LOS ARCES,BAR LOS ARCES,AVENIDA ANTONI GAUDI 19,08100,MOLLET DEL VALLÈS
9100602299,BAR CHAPLIN,BAR CHAPLIN,RAMBLA JOSEP TARRADELLAS 1-3,08500,VIC
9100145802,THE NEW ORLEANS,THE NEW ORLEANS,CALLE DOCTOR JUNYENT 10,08500,VIC
9100636960,EL 33,EL 33,PLAZA SANTS MARTIRS 26,08500,VIC
9100541928,LA CIUTAT DELS SANTS,LA CIUTAT DELS SANTS,CALLE SANT ANTONI MARIA CLARET 1,08500,VIC
9100436371,GRANGES LA CATALANA,GRANGES LA CATALANA,CALLE DOCTOR JUNYENT S/N,08500,VIC
9100569086,ANDRADES JIMENEZ MANUEL,ANDRADES JIMENEZ MANUEL,CALLE PRUIT S/N,08500,VIC
9100294054,BAR LA PLACETA,BAR LA PLACETA,AVENIDA MARTI GENIS I AGUILAR 27,08500,VIC
9100151045,LA BONA TAULA,LA BONA TAULA,CALLE MARE DE DEU DE LORDA 2,08500,VIC
9100135478,BAR L'HORTA VERMELLA,BAR L'HORTA VERMELLA,AVENIDA PAISOS CATALANS 95,08500,VIC
9100642662,CAFE SAMSARA,CAFE SAMSARA,CALLE PARE GALLISSA 5,08500,VIC
9100632171,ELS BILLARS VIC,ELS BILLARS VIC,CALLE JAUME I EL CONQUERIDOR 1,08500,VIC
9100651724,CASAL DE LA GENT GRAN,CASAL DE LA GENT GRAN,CALLE SOLEDAT 13,08500,VIC
9100522518,FRANCISCO JOSE SANCHEZ ORTEGA,FRANCISCO JOSE SANCHEZ ORTEGA,CALLE PERE MARTELL 80,08917,BADALONA
9100304652,BAR LA TABERNA,ZHENG,CALLE GIRONA 337,08402,GRANOLLERS
9100365812,BAR RESTAURANTE XIAN,BAR RESTAURANTE XIAN,CALLE GIRONA 14,08402,GRANOLLERS
9100447620,BAR RESTAURANTE LE VIS#N,BAR RESTAURANTE LE VIS#N,PLAZA JAUME I 15,08402,GRANOLLERS
9100517443,CAFETERIA JALEY,CAFETERIA JALEY,CALLE LLUIS VIVES 45,08402,GRANOLLERS
9100520022,ESPORTS CLUB GRANOLLERS,ESPORTS CLUB GRANOLLERS,"GIRONA, 52",08402,GRANOLLERS
9100087371,EL RACO DE LA VIKI,EL RACO DE LA VIKI,PLAZA CAN BASSA 2,08402,GRANOLLERS
9100480482,BAR MILANA BRASERIA,BAR MILANA BRASERIA,CALLE ESTEVE GARRELL 3,08402,GRANOLLERS
9100524060,BAR SAN ANTONIO,BAR SAN ANTONIO,PLAZA FONT VERDA 1,08402,GRANOLLERS
9100495996,LA CAMPERIA,LA CAMPERIA,PLAZA PAU CASALS 14,08402,GRANOLLERS
9100153969,YAO SUSHI,LINGMEI,CALLE PRINCEP DE VIANA 8,08401,GRANOLLERS
9100227012,NUNA´S,LUIS ANTONIO,CALLE CAMP DE LES MORERES 5,08401,GRANOLLERS
9100310143,BAR RESTAURANT TROYA,HONGQIN,CALLE JOAN PERE FONTANELLA 41,08401,GRANOLLERS
9100338196,SALA NAU B1,GEMMA,AVENIDA ENRIC PRAT DE LA RIBA 77,08401,GRANOLLERS
9100340260,BAR RESTAURANTE MERLY´S,RONY,ESTEVE TERRADES 38,08401,GRANOLLERS
9100420786,CAFETERIA FORN LA FLAIRE,CAFETERIA FORN LA FLAIRE,CALLE MARE DE DEU DE MONTSERRAT 56,08401,GRANOLLERS
9100420786,CAFETERIA FORN LA FLAIRE,CAFETERIA FORN LA FLAIRE,CALLE MARE DE DEU DE MONTSERRAT 56,08401,GRANOLLERS
9100445926,BAR CAFETERIA RICOMA,BAR CAFETERIA RICOMA,CALLE MIQUEL RICOMA 92,08401,GRANOLLERS
9100506888,BAR RESTAURANTE ITACA,BAR RESTAURANTE ITACA,CALLE RAFAEL CASANOVA 56,08401,GRANOLLERS
9100507154,TEATRE AUDITORI DE GRANOLLERS-BAR,TEATRE AUDITORI DE GRANOLLERS-BAR,CALLE JOSEP TORRAS I BAGES 50,08401,GRANOLLERS
9100507921,KARMA´S,KARMA´S,CALLE ISABEL DE VILLENA 35,08401,GRANOLLERS
9100513397,BAR LA VERMUTERIA,BAR LA VERMUTERIA,CALLE SANT JAUME 32,08401,GRANOLLERS
9100525754,BAR NEVADA II,BAR NEVADA II,CALLE TRES TORRES 16,08401,GRANOLLERS
9100151566,BAR XINO XANO,MEILI,RAFAEL CASANOVAS 50,08401,GRANOLLERS
9100239658,ESTANCO MONTCADA,JOSEFA,RAMBLA PAISOS CATALANS 77,08110,MONTCADA I REIXAC
9100639016,BAR VILLA,BAR VILLA,PLAZA DALT VILA 12,08560,MANLLEU
9100637313,BAR FOMENT,BAR FOMENT,ENRIC DELARIS 28,08560,MANLLEU
9100574086,BAR AYTA,BAR AYTA,CALLE SANTA MARIA DE CORCO 23,08560,MANLLEU
9100562472,BAR PUIG-MEALS,BAR PUIG-MEALS,CALLE SOGORB 35-37,08560,MANLLEU
9100374147,BAR OLIVEDA,BAR OLIVEDA,CARRETERA RODA 18,08560,MANLLEU
9100332707,BAR BUS STOP,BAR BUS STOP,PLAZA FRA BERNADI 27,08560,MANLLEU
9100158102,LA NORIA BAKERY,LA NORIA BAKERY,CALLE BUTJOSA 58,08150,PARETS DEL VALLES
9100158099,RESTAURANTE EL SOL,MARIA ISABEL,CALLE VICTOR CATALA 15,08150,PARETS DEL VALLES
9100230870,THE JOSE'S BAR PARETS,JOSE,LA SALUT 37 A,08150,PARETS DEL VALLES
9100239659,LA FLECA D'EN GREC,ANTONIA,D'EN GEGANT 10,08150,PARETS DEL VALLES
9100529011,IVAN QUESADA MARTINEZ,IVAN QUESADA MARTINEZ,CALLE POESIA 7,08150,PARETS DEL VALLÈS
9100169606,LA PLAÇA BAR,MARIA DEL CARMEN,PLAZA PAISOS CATALANS 1,08170,MONTORNES DEL VALLES
9100282679,CAFETERIA CAL ELVIRA,ELVIRA,Avinguda de l'Onze de Setembre 48,08170,MONTORNÈS DEL VALLÈS
9100334134,HERMANOS PADILLA,JIANLIN,Carrer de Federico García Lorca 12,08170,MONTORNES DEL VALLES
9100517175,JOAQUIN QUINTANILLA CARICOL,JOAQUIN QUINTANILLA CARICOL,CALLE GENERAL PRIM 6,08170,MONTORNÈS DEL VALLÈS
9100536467,ANTONIO DIAZ AGUILA,ANTONIO DIAZ AGUILA,CALLE SANT ISIDRE 16,08170,MONTORNÈS DEL VALLÈS
9100542820,LA BRUIXETA,LA BRUIXETA,Carrer de Jacint Verdaguer 6,08170,MONTORNÈS DEL VALLÈS
9100535918,DAVID SEGOVIA ARMERO,DAVID SEGOVIA ARMERO,AVENIDA VALLES 546,08227,TERRASSA
9100041161,BAR EL GARAJE,BAR EL GARAJE,CALLE JOSEP TARRADELLAS 28,08160,MONTMELO
9100041161,BAR EL GARAJE,BAR EL GARAJE,CALLE JOSEP TARRADELLAS 28,08160,MONTMELO
9100161621,FORN VALERO,ANTONIO,Carrer Major 16,08160,MONTMELÓ
9100161621,FORN VALERO,ANTONIO,Carrer Major 16,08160,MONTMELÓ
9100229412,CAFETERIA GRANJA LA CREPE,JIANLAN,JOSEP TARRADELLAS 16,08160,MONTMELO
9100443296,BODEGA CAMELOT,BODEGA CAMELOT,PLAZA SANT ISIDRE 11,08160,MONTMELO
9100443296,BODEGA CAMELOT,BODEGA CAMELOT,PLAZA SANT ISIDRE 11,08160,MONTMELO
9100512676,CAFETERIA ZURICH,CAFETERIA ZURICH,CALLE MAJOR 11,08160,MONTMELO
9100521616,BAR BOTE,BAR BOTE,CALLE SANTIAGO RUSI?OL 9,08160,MONTMELÓ
9100565827,L'ESTANYOL RESTAURANT,L'ESTANYOL RESTAURANT,CALLE L'ESTANYOL S/N,08559,EL BRULL
9100556955,DESIG,DESIG,PLAZA LA VILA 2,08570,TORELLÓ
9100126372,BAR SNACK,BAR SNACK,PLAZA BISAURA 2,08580,SANT QUIRZE DE BESORA
9100627695,BAR PAVELLO ST JULIA VILATORTA,BAR PAVELLO ST JULIA VILATORTA,AVENIDA SANT LLORENÇ S/N,08504,SANT JULIÀ DE VILATORTA
9100572378,"CAN BRANQUES RESTAURANT, S.","CAN BRANQUES RESTAURANT, S.",CALLE GRACIA 4,08573,ORÍS
9100563070,BAR PUNT DE TROBADA,BAR PUNT DE TROBADA,PLAZA JOANOT MARTORELL 1,08570,TORELLÓ
9100640157,CAN LIRO,CAN LIRO,Carrer dels Marquesos de Palmerol 2,08512,SANT HIPÒLIT DE VOLTREGÀ
9100635212,BAR REST.EL CENACHERO,BAR REST.EL CENACHERO,CALLE ONZE DE SETEMBRE 29,08508,LES MASIES DE VOLTREGÀ
9100634356,BAR LA PUÇA,BAR LA PUÇA,CALLE SANT MARTI XIC 6,08508,LES MASIES DE VOLTREGÀ
9100420327,ANA MARIA FONT COLL,ANA MARIA FONT COLL,CALLE SANT ISIDRE 7,08107,MARTORELLES
9100075744,RESTAURANTE SANT SADURNI,RESTAURANTE SANT SADURNI,CALLE SANT SADURNI 37-39,08430,LA ROCA DEL VALLES
9100233605,MARTU CITY,JOSE,PIERA 53,08107,MARTORELLES
9100423767,BAR CAN CERVANTES,BAR CAN CERVANTES,GERONA 191,08400,GRANOLLERS
9100503009,JUAN JAVIER PONCE,JUAN JAVIER PONCE,PASEO PINTOR SERT 19,08120,LA LLAGOSTA
9100512192,JOSE PEREZ FERNANDEZ,JOSE PEREZ FERNANDEZ,CALLE MATAGALLS 16,08107,MARTORELLES
9100513427,MONTSERRAT PEREZ HERRERA,MONTSERRAT PEREZ HERRERA,CALLE MATAGALLS 16,08107,MARTORELLES
9100514206,SANTOS QUILES HORTAL,SANTOS QUILES HORTAL,AVENIDA SANT MORITZ 15,08185,LLI?A DE VALL
9100526119,BAR INDELALBA,BAR INDELALBA,DE LA MUNTANYA 100,08400,GRANOLLERS
9100536830,LLUIS CORS BOIX,LLUIS CORS BOIX,CALLE CARGOLS 30,08185,LLIÇÀ DE VALL
9100420785,RESTAURANTE PALOU,RESTAURANTE PALOU,AVENIDA SANT JULIA 198,08403,GRANOLLERS
9100497770,RSTE. MESON BELLAVISTA,RSTE. MESON BELLAVISTA,CALLE GIRONA 34,08521,LES FRANQUESES DEL VALLES
9100556483,MARC ANGLADA PORTET,MARC ANGLADA PORTET,CALLE JAUME I 22,08510,RODA DE TER
9100300991,TRIVI´S BAR,RAFAEL,L'ALIANÇA 20,08186,LLIÇA D'AMUNT
9100120799,CAFE#L'ESTONA,CAFE#L'ESTONA,CALLE RAMON LLULL 17,08400,GRANOLLERS
9100122840,BAR AMISTAD,XUEFEN,SANT ESTEVE 59,08400,GRANOLLERS
9100139584,BAR MERINO,JOSE,BAILEN 31,08430,ROCA DEL VALLES (LA)
9100140860,RESTAURANTE LA GRESCA,JESUS RAMON,CR FRANCESC MACIA 261 -,08400,GRANOLLERS
9100283498,MIXU#S CAT CAFE,MIXU#S CAT CAFE,PASEO MUNTANYA 13-15,08400,GRANOLLERS
9100522267,FORN L'ANTIC,FORN L'ANTIC,AVENIDA RAFAEL CASANOVA 12,08100,MOLLET DEL VALLÈS
9100054744,VENECIA BAR,VENECIA BAR,RONDA ORIENT 14,08100,MOLLET DEL VALLES
9100054778,TENTACION BAR (2007),TENTACION BAR (2007),RAMBLA POMPEU FABRA 38,08100,MOLLET DEL VALLES
9100054857,CABAÑA DEL TIO TOM BAR,JOSE MAYORAL BATLLE,Avinguda de Burgos 66,08100,MOLLET DEL VALLES
9100055224,CORDOBES BAR,CORDOBES BAR,RAMBLA NOVA 71,08100,MOLLET DEL VALLES
9100055497,EL GARBI BAR,EL GARBI BAR,RAMBLA POMPEU FABRA 20,08100,MOLLET DEL VALLES
9100055508,XURRERIA,XURRERIA,Avinguda de la Llibertat 2,08100,MOLLET DEL VALLES
9100056293,PEKIN RESTAURANT,PEKIN RESTAURANT,PASAJE SANT MIQUEL 16,08100,MOLLET DEL VALLES
9100075499,TOTEM BAR,TOTEM BAR,Carrer d'Alexander Fleming 2,08100,MOLLET DEL VALLES
9100403364,GRACIELA PANADERIA-CAFETERIA,GRACIELA PANADERIA-CAFETERIA,RAMBLA NOVA 93,08100,MOLLET DEL VALLES
9100403364,GRACIELA PANADERIA-CAFETERIA,GRACIELA PANADERIA-CAFETERIA,RAMBLA NOVA 93,08100,MOLLET DEL VALLES
9100043749,FRANKFURT SANTA MARTA,BHUA YANG,RONDA 9,08100,MOLLET DEL VALLES
9100054481,CHUS RESTAURANT,"MARTINEZ PONS, SL.",CALLE CARME 22-24,08100,MOLLET DEL VALLES
9100054565,ESPAI BAR,ESPAI BAR,AVENIDA JAUME I 207,08100,MOLLET DEL VALLES
9100054732,CASTELLERS DE MOLLET,CASTELLERS DE MOLLET,Carrer Miguel de Cervantes 19,08100,MOLLET DEL VALLES
9100054873,LA GAMBA BAR,LA GAMBA BAR,Carrer de Sant Joan 26,08100,MOLLET DEL VALLES
9100055568,LA PERA BAR,RESTAURACION LA PERA SL,Avinguda de Jaume I 57,08100,MOLLET DEL VALLES
9100184449,LA BODEGUETA DE MOLLET,LA BODEGUETA DE MOLLET,PLAZA PRAT DE LA RIBA 3,08100,MOLLET DEL VALLES
9100366732,BOCA JUNIOR,PASTISSERIA CAN PANTIQUET SL,Carrer de Can Pantiquet 36,08100,MOLLET DEL VALLES
9100366733,LA BELLA CALABRIA - PIZZERIA RESTAU,LA BELLA CALABRIA - PIZZERIA RESTAU,CALLE CAN MOLLET 30,08100,MOLLET DEL VALLES
9100553669,CERVESERIA CIUTAT,CERVESERIA CIUTAT,Carrer de Francesc Ferrer i Guàr 15,08100,MOLLET DEL VALLES
9100629788,BAR ALEBRIJES,BAR ALEBRIJES,CALLE BERENGUER III 118,08100,MOLLET DEL VALLES
9100655002,BAR POR EJEMPLO,BAR POR EJEMPLO,CALLE PINEDA FOSCA 2,08100,MOLLET DEL VALLES
9100655372,PUNT DE TROBADA,PUNT DE TROBADA,Carrer de Can Pantiquet 18,08100,MOLLET DEL VALLES
9100680393,Confidencial,Confidencial,Carrer de Ramon Casas 9,08100,MOLLET DEL VALLES
9100530919,LA GRANJA,LA GRANJA,CAN MAGRE 23,08100,MOLLET DEL VALLÈS
9100054639,PA I CAFETERIA DE L'AVIA,PA I CAFETERIA DE L'AVIA,CALLE GAIETA VINZIA 60,08100,MOLLET DEL VALLES
9100054644,MARIETA RESTAURANT,MARIETA RESTAURANT,CALLE ESGLESIA 9,08100,MOLLET DEL VALLES
9100054973,COLLA DELS TORRATS,COLLA DELS TORRATS,CALLE MIGUEL DE CERVANTES 19-23,08100,MOLLET DEL VALLES
9100056047,ZAMORA BAR,ZAMORA BAR,CALLE FRANCESC LAYRET 18,08100,MOLLET DEL VALLES
9100733609,BAR FUTBOL LOURDES,BAR FUTBOL LOURDES,CAMINO CAN VILA S/N,08100,MOLLET DEL VALLES
9100054513,RENFE NORD CANTINA,MONTSERRAT NAVARRO SOLANO,CALLE JOAN MARAGALL S/N,08100,MOLLET DEL VALLES
9100609140,EL RETORN,EL RETORN,CALLE SANT FRANCESC 110,08500,VIC
9100730075,CANDELA,CANDELA,Plaça de la Catedral 6,08500,VIC
9100259166,ZONA DIESEL,ZONA DIESEL,CALLE LLEIDA S/N,08500,VIC
9100443450,CLUB POCKET BIKE,CLUB POCKET BIKE,CALLE PEROT ROCAGUINARDA 5,08500,VIC
9100523487,SUSHI YE,SUSHI YE,CARRETERA B-521 6,08500,VIC
9100755440,RESTAURANT NOU PAMPLONA HIGIENE,RESTAURANT NOU PAMPLONA HIGIENE,Carrer Eix Onze de Setembre 11,08500,VIC
9100759507,OSONA CUINA,OSONA CUINA,PLAÇA MAJOR 1,08500,VIC
9100678069,Bagel Coffee,Bagel Coffee,Carrer d’en Perot Rocaguinarda 29,08500,VIC
9100678719,BAR FUSINA,BAR FUSINA,Carrer de la Fusina 34,08500,VIC
9100610240,BAR TAVERNA D'PAS,BAR TAVERNA D'PAS,CALLE SANTIAGO RUSI#OL 1,08500,VIC
9100627975,BAR BIG BAO,BAR BIG BAO,CALLE NORD 1,08500,VIC
9100564797,CASINO DE VIC,CASINO DE VIC,CALLE JACINT VERDAGUER 5,08500,VIC
9100466625,ANATOLIA KEBAB,ANATOLIA KEBAB,CALLE SANT FIDEL 3,08500,VIC
9100134828,EL CALIU RESTAURANT (VIC),EL CALIU RESTAURANT (VIC),CALLE RIERA 13,08500,VIC
9100119869,IL PICCOLO BIONDO,IL PICCOLO BIONDO,CALLE RAMADA 4,08500,VIC
9100119869,IL PICCOLO BIONDO,IL PICCOLO BIONDO,CALLE RAMADA 4,08500,VIC
9100127992,BAR ATLANTIDA,BAR ATLANTIDA,CALLE PRAT D'EN GALLINERS S/N,08500,VIC
136675,MGA GP VIC,MGA GP VIC,"CTRA. DE SANT HIPÒLIT, 53 (NAU 4)",08500,VIC
136675,MGA GP VIC,MGA GP VIC,"CTRA. DE SANT HIPÒLIT, 53 (NAU 4)",08500,VIC
9100040724,CASA FONDA EUROPA,CASA FONDA EUROPA,CALLE ANSELM CLAVE 1,08402,GRANOLLERS
9100041355,BAR LOS AMIGOS,BAR LOS AMIGOS,CALLE GIRONA 301,08402,GRANOLLERS
9100041765,RESTAURANTE EL FOGON,RESTAURANTE EL FOGON,CALLE EMILI BOTEY ALSINA 14,08402,GRANOLLERS
9100041774,BAR EL TACO,TACO VAN LONDEN,Girona 114,08402,GRANOLLERS
9100041990,BAR TIMANFAYA II,BAR TIMANFAYA II,CALLE JOAN PRIM 114,08402,GRANOLLERS
9100042037,ALORA,ALORA,AVENIDA PARC S/N,08402,GRANOLLERS
9100042037,ALORA,ALORA,AVENIDA PARC S/N,08402,GRANOLLERS
9100042491,CAFE DE LA CORONA,CAFE DE LA CORONA,PLAZA CORONA 14,08402,GRANOLLERS
9100043799,BAR ALASKA,BAR ALASKA,CALLE FRANCESC RIBAS 1,08402,GRANOLLERS
9100044409,XAVISAN,XAVISAN,GERONA 21,08402,GRANOLLERS
9100076613,GRANJA GROC,GRANJA GROC,PLAZA CORONA 9,08402,GRANOLLERS
9100134890,BAR EL TUBO,BAR EL TUBO,PASEO MUNTANYA 70,08402,GRANOLLERS
9100264654,SHINGARI SUSHI BAR,SHINGARI SUSHI BAR,AVENIDA SANT ESTEVE 59,08402,GRANOLLERS
9100521595,BAR?JOAN?PRIM,BAR?JOAN?PRIM,CALLE JOAN PRIM 182,08402,GRANOLLERS
9100521678,PAPUA COLL DE LA MANYA,PAPUA COLL DE LA MANYA,CALLE JOANOT MARTORELL 272,08402,GRANOLLERS
9100521678,PAPUA COLL DE LA MANYA,PAPUA COLL DE LA MANYA,CALLE JOANOT MARTORELL 272,08402,GRANOLLERS
9100633076,CAVANET,CAVANET,CALLE ALFONS IV 85,08402,GRANOLLERS
9100755674,BAR RESTAURANTE A PICOS,BAR RESTAURANTE A PICOS,Passeig de la Muntanya 17,08402,GRANOLLERS
9100761572,BAR RESTAURANTE CAL DAVID,BAR RESTAURANTE CAL DAVID,Carrer d'Emili Botey Alsina 22,08402,GRANOLLERS
9100765851,BAR LAMIA,BAR LAMIA,Carrer d' Esteve Garrell 8,08402,GRANOLLERS
9100042261,RIEGOS IBERIA REGABER,RIEGOS IBERIA REGABER SA,CL GARBI N£M. 3 -,08150,PARETS DEL VALLES
9100041053,BAR CERVECERIA JORDI,BAR CERVECERIA JORDI,Carrer de Prat de la Riba 31,08150,PARETS DEL VALLES
9100041393,BAR LAS COLUMNAS,GUANBIN XIA,CATALUNYA 102,08150,PARETS DEL VALLES
9100041543,BAR LOS GALLEGOS,BAR LOS GALLEGOS,Avinguda de Catalunya 92,08150,PARETS DEL VALLES
9100041555,Restaurant Molí de Vent,Restaurant Molí de Vent,Carrer del Garbí 13,08150,PARETS DEL VALLES
9100041840,BAR SAGITARIO,BAR SAGITARIO,Carrer d'Aragó 2,08150,PARETS DEL VALLES
9100054649,LLEVANTPARK SL,LLEVANTPARK SL,TENES S/N PARC LEVANT -,08150,PARETS DEL VALLES
9100150711,LA PERGOLA,LA PERGOLA,PAU CASALS 33,08150,PARETS DEL VALLES
9100366724,FRANKFURT LASA,FRANKFURT LASA,CALLE SALVADOR ESPRIU 10,08150,PARETS DEL VALLES
9100373488,PIZZA VALLES,PIZZA VALLES,AVENIDA PEDRA DEL DIABLE 9,08150,PARETS DEL VALLES
9100756811,BAR COCO,BAR COCO,Avinguda de la Pedra del Diable 9,08150,PARETS DEL VALLÈS
9100043208,GRANOLLERS COCINAS,GRANOLLERS COCINAS SL,CL LLOBREGAT 2 -,08150,PARETS DEL VALLES
9100042829,BAR MORANA,BAR MORANA,CALLE MALLORCA 10,08401,GRANOLLERS
9100042612,BAR MALENO II,JURADO COSTA MARIA NURIA,RAMON LLULL 18,08401,GRANOLLERS
9100043364,BAR LA LOLA,TANIA DURAN RAMOS,MANEL MUNTANYA 5,08401,GRANOLLERS
9100043381,LA BAGUETINA,LA BAGUETINA,CALLE ANNIBAL 59,08401,GRANOLLERS
9100059282,HOTEL ATENEA VALLES,COMERCIAL BERLIN SL,MAGALLANES SN,08401,GRANOLLERS
9100121164,EL RACO DE LES MORERES,EL RACO DE LES MORERES,CAMP DE LES MORERES 13,08401,GRANOLLERS
9100373640,FLECA P.BRETCHA (CAN BASSA),ESPAI PA GRANOLLERS SL,PLAZA JOSEP MALUQUER I SALVADOR 17,08401,GRANOLLERS
9100373641,FLECA P.BRETCHA (BELLAVISTA),ESPAI PA GRANOLLERS SL,PLAZA JOSEP MALUQUER I SALVADOR 17,08401,GRANOLLERS
9100047575,CLUB DE GOLF SANT CUGAT,CLUB DE GOLF SANT CUGAT,Carrer de Villà 79,08173,SANT CUGAT DEL VALLÈS
9100043198,BAR BODEGA ALVAREZ,PAJUELO ALVAREZ JOSE LUIS,BLAS INFANTE 14-16,08170,MONTORNES DEL VALLES
9100043408,"BAR L,OREIG (HOTEL CAN CAMPA)",MAYMO GUARCH JOSE,ONCE DE SEPTIEMBRE 51,08170,MONTORNES DEL VALLES
9100043540,BAR 28,ROMERA SANCHEZ DOLORES,MAJOR 28,08170,MONTORNES DEL VALLES
9100043719,RSTE. LA CABAÑA,ARANDA BELMONTE AQUILINA,LLIBERTAT 12,08170,MONTORNES DEL VALLES
9100044366,BAR LOS HERMANOS.,PANIAGUA BLAZQUEZ JOSE LUIS,FEDERICO GARCIA LORCA 21,08170,MONTORNES DEL VALLES
9100055329,SANLUQUEÑOS BAR,FACUNDA RUIZ GARCIA,SUR 5,08170,MONTORNES DEL VALLES
9100366735,FRANKFURT II VELEZ,FRANKFURT II VELEZ,AVENIDA L'ONZE DE SETEMBRE 29,08170,MONTORNES DEL VALLES
9100468163,PASTELERIA CAFETERIA ELENA,PASTELERIA CAFETERIA ELENA,MAJOR 45,08170,MONTORNÈS DEL VALLÈS
9100044480,PEÑA PERE ANTON,PEÑA PERE ANTON,CAN PARELLADA SN,08170,MONTORNÈS DEL VALLÈS
9100563722,BAR LA CUCA,BAR LA CUCA,BLAS INFANTE 22,08170,MONTORNÈS DEL VALLÈS
9100725417,CHURROS CRUZ,CHURROS CRUZ,Plaça de Pau Picasso 1,08170,MONTORNÈS DEL VALLÈS
9100750960,COME BIEN RESTAURANTE,COME BIEN RESTAURANTE,Carrer de Federico García Lorca 25,08170,MONTORNÈS DEL VALLÈS
9100373506,PENYA ELS BARTOMEUS,PENYA ELS BARTOMEUS,PLAZA JOAQUIM MIR 1,08170,MONTORNES DEL VALLES
9100373422,CHARCUTERIA BENITA,CHARCUTERIA BENITA,PLAZA DE LA CASERNA S/N,08400,GRANOLLERS
9100040748,RESTAURANTE RAMASSA,BORREGUERO LLESTANOS LAURA,BARCELONES 9,08520,CORRO D´AVALL
9100040967,RSTE. BONA TAULA,LA BONA TAULA S.L.,MONTSERRAT 36,08185,LLIÇA DE VALL
9100041059,"L,ESTACIO DE SERVEI",RODRIGUEZ LUCERO JOSE DOMINGO,VALLES 1,08520,CORRO D´AVALL
9100041485,BAR TONYSA,PEREZ SEVILLA ANTONIO,Carrer del Pintor Mir 2,08160,MONTMELÓ
9100041564,BAR RESTAURANTE MORDISQUITO,CARO NARVAEZ JULIAN,"CR JOAN PRIM, 90 -",08400,GRANOLLERS
9100041740,CARNICERIA CANADELL,CANADELL PI DOMENECH,FOLCH I TORRES 95,08186,LLIÇA D´AMUNT
9100042249,BAR RUMY,GUOLIAN CHEN,JOANOT MARTORELL 1,08400,GRANOLLERS
9100042500,CAFE SANT ROC,BELLAJOANA SL,"CR SANT ROC, 5 -",08400,GRANOLLERS
9100042942,BAR EL VERMUTILLO,SU YING HUANG,DE LES HORTES 2,08400,GRANOLLERS
9100043107,RESTAURANTE LOS ANGELES,CODINA DIAZ EMILIO,CR GRANOLLERS SABADELL KM. 13 -,08185,LLIÇA DE VALL
9100043454,FRUTOS SECOS LA CLOSCA,FRUTOS SECOS LA CLOSCA,CALLE SANTA ELISABETH 9,08400,GRANOLLERS
9100043839,BAR PLAZA GRAN,GARCIA HONRUBIA JOSE ANTONIO,GRAN 3,08160,MONTMELO
9100043866,BAR YUMEI,YUMEI YANG,GIRONA 210,08400,GRANOLLERS
9100044089,RESTAURANTE MERITXELL,RESTAURANTE MERITXELL,Avinguda Cantallops 14,08185,LLIÇÀ DE VALL
9100044243,PUNTO,DELGADO PEREZ NURIA,VALENCIA 60,08430,ROCA DEL VALLES (LA)
9100044326,BAR CAN MOI,BAR CAN MOI,PASEO ANDALUSIA 103,08521,BELLAVISTA
9100044359,Restaurante Adela de Lliçà d'Amunt,Restaurante Adela de Lliçà d'Amunt,Passeig de Sant Valerià 171,08186,LLIÇÀ D'AMUNT
9100044399,FLECA BRETCHA (PSG. MONTANYA),FLECA P. BRETCHA SL,ESPANYA 8,08520,FRANQUESES DEL VALLES (LES)
9100044419,RSTE. LA GRUILLA,RSTE. LA GRUILLA,Carretera Parets a Bigues 8,08186,LLIÇÀ D'AMUNT
9100044419,RSTE. LA GRUILLA,RSTE. LA GRUILLA,Carretera Parets a Bigues 8,08186,LLIÇÀ D'AMUNT
9100041886,RESTAURANTE MARCOS,RESTAURANTE MARCOS,CALLE JAUME GINESTI 1,08410,VILANOVA DEL VALLES
9100044099,SUPERMERCADO GASOLINERA DISCAU,SUPERMERCADO GASOLINERA DISCAU,CARRETERA MONTMELO 120,08403,GRANOLLERS
9100110789,GRUP TESI,GRUP TESI,Carrer de Joanot Martorell 121,08403,GRANOLLERS
9100150866,DIVERSUS GASTRONOMIA,DIVERSUS GASTRONOMIA,MASIA CAN MALE S/N,08186,LLIÇA D'AMUNT
9100614225,LA NOVA LLIMA,LA NOVA LLIMA,JAUME I 14,08507,SANTA EUGÈNIA DE BERGA
9100597250,BAR ELS ESTUDIS,BAR ELS ESTUDIS,PLAZA AJUNTAMENT S/N,08522,MALLA
9100590492,RESTAURANT CAL XORIGUER,RESTAURANT CAL XORIGUER,CALLE PUIG 2,08505,SANTA EULÀLIA DE RIUPRIMER
9100169481,"BAR CAN TON, S.C.P","BAR CAN TON, S.C.P",CALLE MAJOR 33,08505,SANTA EULÀLIA DE RIUPRIMER
9100130145,RESTAURANT UNTOK,RESTAURANT UNTOK,CALLE ELS PIRINEUS 21,08503,GURB
9100473447,RESTAURANT PUIGLAGULLA,RESTAURANT PUIGLAGULLA,CARRETERA PUIG-L'AGULLA S/N,08504,SANT JULIÀ DE VILATORTA
9100627170,ELS FOGONS DE LA NEUS,ELS FOGONS DE LA NEUS,AUTOVIA C-17 KM 81,08580,SANT QUIRZE DE BESORA
9100568729,BAR COOPERATIVA,BAR COOPERATIVA,AVENIDA JOAN MARAGALL 2,08572,SANT PERE DE TORELLÓ
9100461830,BAR CANIGO,BAR CANIGO,Carrer de Canigó 41,08570,TORELLÓ
9100252094,BAR RACO JUVENIL,BAR RACO JUVENIL,PLAZA JOANOT MARTORELL 19,08570,TORELLÓ
9100139252,BAR EL CASAL,BAR EL CASAL,PLAZA NOVA 14,08570,TORELLÓ
9100129209,KBCIK,KBCIK,PLAZA LA SARDANA 6,08570,TORELLÓ
9100126369,EL GAT BAR,EL GAT BAR,CALLE ELS ESTUDIS 13,08570,TORELLÓ
9100410610,BAR TSE-TSE,BAR TSE-TSE,PLAZA VELLA 3,08570,TORELLÓ
9100615441,WAYE 66,WAYE 66,Passeig de Sant Joan 66,08560,MANLLEU
9100606155,BAR REST. MANLLEU,BAR REST. MANLLEU,AVENIDA ROMA 104,08560,MANLLEU
9100160054,BAR NOU,BAR NOU,CALLE SANT JOSEP 2,08510,LES MASIES DE RODA
9100609846,BAR NO HO SE,BAR NO HO SE,CALLE NURIA 14,08570,TORELLÓ
9100058035,L'ESPAI RESTAURANT,L'ESPAI RESTAURANT,CALLE REC D'ACUMULADA 9,08519,FOLGUEROLES
9100056628,CABANYA MIR,CABANYA MIR,CARRETERA VIDRA KM 1,08584,SANTA MARIA DE BESORA
9100043594,RSTE. PEIX D'OR,COSTA RECHE ISABEL I CIA CB,MATARO A GRANOLLERS S/N,08430,LA ROCA DEL VALLÈS
9100420424,PADEL ARGELAGUES,PADEL ARGELAGUES,DEL PILAR 4,08185,LLIÇÀ DE VALL
9100536947,JOSE QUILES CARRERAS,JOSE QUILES CARRERAS,AVENIDA SANT MORITZ 15,08185,LLIÇÀ DE VALL
9100540250,ZONA ACAMPADA CIRCUIT CATALUNYA,ZONA ACAMPADA CIRCUIT CATALUNYA,CALLE MAS MORENETA S/N,08160,MONTMELÓ
9100540250,ZONA ACAMPADA CIRCUIT CATALUNYA,ZONA ACAMPADA CIRCUIT CATALUNYA,CALLE MAS MORENETA S/N,08160,MONTMELÓ
9100542312,RACÓ DE SANT FOST,RACÓ DE SANT FOST,CALLE MIQUEL BIADA 1,08105,SANT FOST DE CAMPSENTELLES
9100547001,BAR PARC DEL TENES,BAR PARC DEL TENES,PAISOS CATALANS SN,08186,LLIÇA D´AMUNT
9100563721,HOSTAL SERRA,HOSTAL SERRA,MAJOR 1,08160,MONTMELÓ
9100574583,BAR ALIANÇA,BAR ALIANÇA,Carrer l'Aliança 17,08186,LLIÇÀ D'AMUNT
9100576639,ATENEU ALIANÇA,ATENEU ALIANÇA,Carrer l'Aliança 17,08186,LLIÇÀ D'AMUNT
9100576643,LA TAVERNA DEL ULTIMO HEAVY,LA TAVERNA DEL ULTIMO HEAVY,CAN ROURE 18,08186,LLIÇA D´AMUNT
9100373403,FLECA LA FLORIDA,FLECA LA FLORIDA,CALLE LA FLORIDA 22,08129,LA LLAGOSTA
9100373428,HEBRON,HEBRON,CALLE GIRONA 20,08120,LA LLAGOSTA
9100041363,CIRCUITO DE CATALUNYA,ARAMARK SERVICIOS CATERING SL,CAMI MAS MORENETA SN,08160,MONTMELO
9100041363,CIRCUITO DE CATALUNYA,ARAMARK SERVICIOS CATERING SL,CAMI MAS MORENETA SN,08160,MONTMELO
9100041363,CIRCUITO DE CATALUNYA,ARAMARK SERVICIOS CATERING SL,CAMI MAS MORENETA SN,08160,MONTMELO
9100041363,CIRCUITO DE CATALUNYA,ARAMARK SERVICIOS CATERING SL,CAMI MAS MORENETA SN,08160,MONTMELO
9100242346,LA PIZZETA,LA PIZZETA,CALLE CANIGO 1,08507,SANTA EUGÈNIA DE BERGA
9100041442,BAR ROMERO,SALGUERO LOPEZ ANTONIA,Passeig de Can Salgot 29,08186,LLIÇÀ D'AMUNT
9100041618,PISCINAS LLIÇA DE MUNT,GALVAN RUIZ PILAR,PAISOS CATALANS SN,08186,LLIÇA D´AMUNT
9100044043,BAR NADAL,BAR NADAL,CARRETERA C-155 KM 14,08185,LLIÇA DE VALL
9100044130,BAR TALGO,"BARO MASSO, JAUME",ENGINYER 7-9,08400,GRANOLLERS
9100044391,BAR MIRADOR,VALDEVELL BLANXART DAVID,BARCELONA 110,08521,LES FRANQUESES DEL VALLES
9100120687,DELS CASTANYERS RESTAURANT,DELS CASTANYERS RESTAURANT,CAMINO ELS CASTANYERS S/N,08105,SANT FOST DE CAMPSENTELLES
9100043706,RESTAURANTE MELARA,MARRIONDAS SL,DE LA NORIA 15,08430,"ROCA DEL VALLES, LA"
9100716110,BAR EL CAFETO,BAR EL CAFETO,Carrer de Cabrera 1,08570,TORELLÓ
9100687352,Latitud 42,Latitud 42,Carrer de Sant Miquel 1,08570,TORELLÓ
9100744181,MAISON DU GRAIN (LLISA AMUNT),MAISON DU GRAIN (LLISA AMUNT),Carrer Baronia de Montbui 42,08186,LLIÇÀ D'AMUNT
9100661607,DIR SANT CUGAT,DIR SANT CUGAT,CARRETERA RUBI 76-78,08190,SANT CUGAT DEL VALLÈS
9100627485,Ca la Cisca,Ca la Cisca,Avinguda Montserrat 12,08185,LLIÇÀ DE VALL
9100740458,FORN CAFETERIA AVENIDA,FORN CAFETERIA AVENIDA,AVINGUDA D'ANGEL SALLENT 146,08224,TERRASSA
9100749021,RESTAURANT 69KDIRES,RESTAURANT 69KDIRES,Avinguda de Pompeu Fabra 24,08160,MONTMELÓ
9100755589,La Sala,La Sala,Carrer Josep Tarradellas 31,08187,SANTA EULÀLIA DE RONÇANA
9100758360,CULTURAL CAN ROVIRA,CULTURAL CAN ROVIRA,Carrer de l'Alzina 29,08186,LLIÇÀ D'AMUNT
9100667648,CA LA NENA,CA LA NENA,Carrer Gran 20,08506,CALLDETENES
9100681544,LA TASKA DE CARMEN,LA TASKA DE CARMEN,PASEO ANDALUSIA 15-17,08521,LES FRANQUESES DEL VALLES
9100743215,Restaurant L'Arumí,Restaurant L'Arumí,Carretera d'Arbúcies 21,08507,SANTA EUGÈNIA DE BERGA
9100736229,HOSTAL CAL XIC,HOSTAL CAL XIC,Carrer del Freixa 1,17864,SANT PAU DE SEGÚRIES
9100736213,HOTEL RESGUARD DELS VENTS,HOTEL RESGUARD DELS VENTS,CARRETERA GIV-5262 S/N,17534,RIBES DE FRESER
119646,OBSEQUIOS EVENTOS TURIA,OBSEQUIOS EVENTOS TURIA,"ROSELLON, 515",08025,BARCELONA
119642,OBSEQUIOS EVENTOS DEPORTIVOS DAMM,OBSEQUIOS EVENTOS DEPORTIVOS DAMM,"ROSELLON, 515",08025,BARCELONA
9100097548,GRANJA VINALLONGA,PASTELERIA VIÑALLONGA SL,CALLE JACINT VERDAGUER 3,08170,MONTORNES DEL VALLES
9100385693,LA COCA DE FOLGUEROLES,LA COCA DE FOLGUEROLES,Carrer Camí Vell de Vic 16,08519,FOLGUEROLES
100423,DISTRIDAM,DISTRIDAM,"C/ PRAT DE LA RIBA, 13",08830,SANT BOI DE LLOBREGAT
100423,DISTRIDAM,DISTRIDAM,"C/ PRAT DE LA RIBA, 13",08830,SANT BOI DE LLOBREGAT
100423,DISTRIDAM,DISTRIDAM,"C/ PRAT DE LA RIBA, 13",08830,SANT BOI DE LLOBREGAT
100423,DISTRIDAM,DISTRIDAM,"C/ PRAT DE LA RIBA, 13",08830,SANT BOI DE LLOBREGAT
100423,DISTRIDAM,DISTRIDAM,"C/ PRAT DE LA RIBA, 13",08830,SANT BOI DE LLOBREGAT
100423,DISTRIDAM,DISTRIDAM,"C/ PRAT DE LA RIBA, 13",08830,SANT BOI DE LLOBREGAT
100423,DISTRIDAM,DISTRIDAM,"C/ PRAT DE LA RIBA, 13",08830,SANT BOI DE LLOBREGAT
100423,DISTRIDAM,DISTRIDAM,"C/ PRAT DE LA RIBA, 13",08830,SANT BOI DE LLOBREGAT
100423,DISTRIDAM,DISTRIDAM,"C/ PRAT DE LA RIBA, 13",08830,SANT BOI DE LLOBREGAT
100423,DISTRIDAM,DISTRIDAM,"C/ PRAT DE LA RIBA, 13",08830,SANT BOI DE LLOBREGAT
100423,DISTRIDAM,DISTRIDAM,"C/ PRAT DE LA RIBA, 13",08830,SANT BOI DE LLOBREGAT
100423,DISTRIDAM,DISTRIDAM,"C/ PRAT DE LA RIBA, 13",08830,SANT BOI DE LLOBREGAT
100423,DISTRIDAM,DISTRIDAM,"C/ PRAT DE LA RIBA, 13",08830,SANT BOI DE LLOBREGAT
100423,DISTRIDAM,DISTRIDAM,"C/ PRAT DE LA RIBA, 13",08830,SANT BOI DE LLOBREGAT
100423,DISTRIDAM,DISTRIDAM,"C/ PRAT DE LA RIBA, 13",08830,SANT BOI DE LLOBREGAT
100423,DISTRIDAM,DISTRIDAM,"C/ PRAT DE LA RIBA, 13",08830,SANT BOI DE LLOBREGAT
100423,DISTRIDAM,DISTRIDAM,"C/ PRAT DE LA RIBA, 13",08830,SANT BOI DE LLOBREGAT
100423,DISTRIDAM,DISTRIDAM,"C/ PRAT DE LA RIBA, 13",08830,SANT BOI DE LLOBREGAT
100423,DISTRIDAM,DISTRIDAM,"C/ PRAT DE LA RIBA, 13",08830,SANT BOI DE LLOBREGAT
100423,DISTRIDAM,DISTRIDAM,"C/ PRAT DE LA RIBA, 13",08830,SANT BOI DE LLOBREGAT
100423,DISTRIDAM,DISTRIDAM,"C/ PRAT DE LA RIBA, 13",08830,SANT BOI DE LLOBREGAT
100423,DISTRIDAM,DISTRIDAM,"C/ PRAT DE LA RIBA, 13",08830,SANT BOI DE LLOBREGAT
100423,DISTRIDAM,DISTRIDAM,"C/ PRAT DE LA RIBA, 13",08830,SANT BOI DE LLOBREGAT
100423,DISTRIDAM,DISTRIDAM,"C/ PRAT DE LA RIBA, 13",08830,SANT BOI DE LLOBREGAT
100423,DISTRIDAM,DISTRIDAM,"C/ PRAT DE LA RIBA, 13",08830,SANT BOI DE LLOBREGAT
100423,DISTRIDAM,DISTRIDAM,"C/ PRAT DE LA RIBA, 13",08830,SANT BOI DE LLOBREGAT
100423,DISTRIDAM,DISTRIDAM,"C/ PRAT DE LA RIBA, 13",08830,SANT BOI DE LLOBREGAT
100423,DISTRIDAM,DISTRIDAM,"C/ PRAT DE LA RIBA, 13",08830,SANT BOI DE LLOBREGAT
100423,DISTRIDAM,DISTRIDAM,"C/ PRAT DE LA RIBA, 13",08830,SANT BOI DE LLOBREGAT
100423,DISTRIDAM,DISTRIDAM,"C/ PRAT DE LA RIBA, 13",08830,SANT BOI DE LLOBREGAT
100423,DISTRIDAM,DISTRIDAM,"C/ PRAT DE LA RIBA, 13",08830,SANT BOI DE LLOBREGAT
100423,DISTRIDAM,DISTRIDAM,"C/ PRAT DE LA RIBA, 13",08830,SANT BOI DE LLOBREGAT
100423,DISTRIDAM,DISTRIDAM,"C/ PRAT DE LA RIBA, 13",08830,SANT BOI DE LLOBREGAT
100423,DISTRIDAM,DISTRIDAM,"C/ PRAT DE LA RIBA, 13",08830,SANT BOI DE LLOBREGAT
100423,DISTRIDAM,DISTRIDAM,"C/ PRAT DE LA RIBA, 13",08830,SANT BOI DE LLOBREGAT
100423,DISTRIDAM,DISTRIDAM,"C/ PRAT DE LA RIBA, 13",08830,SANT BOI DE LLOBREGAT
100423,DISTRIDAM,DISTRIDAM,"C/ PRAT DE LA RIBA, 13",08830,SANT BOI DE LLOBREGAT
100423,DISTRIDAM,DISTRIDAM,"C/ PRAT DE LA RIBA, 13",08830,SANT BOI DE LLOBREGAT
100423,DISTRIDAM,DISTRIDAM,"C/ PRAT DE LA RIBA, 13",08830,SANT BOI DE LLOBREGAT
100423,DISTRIDAM,DISTRIDAM,"C/ PRAT DE LA RIBA, 13",08830,SANT BOI DE LLOBREGAT
100423,DISTRIDAM,DISTRIDAM,"C/ PRAT DE LA RIBA, 13",08830,SANT BOI DE LLOBREGAT
100423,DISTRIDAM,DISTRIDAM,"C/ PRAT DE LA RIBA, 13",08830,SANT BOI DE LLOBREGAT
100423,DISTRIDAM,DISTRIDAM,"C/ PRAT DE LA RIBA, 13",08830,SANT BOI DE LLOBREGAT
100423,DISTRIDAM,DISTRIDAM,"C/ PRAT DE LA RIBA, 13",08830,SANT BOI DE LLOBREGAT
100423,DISTRIDAM,DISTRIDAM,"C/ PRAT DE LA RIBA, 13",08830,SANT BOI DE LLOBREGAT
100423,DISTRIDAM,DISTRIDAM,"C/ PRAT DE LA RIBA, 13",08830,SANT BOI DE LLOBREGAT
100423,DISTRIDAM,DISTRIDAM,"C/ PRAT DE LA RIBA, 13",08830,SANT BOI DE LLOBREGAT
100423,DISTRIDAM,DISTRIDAM,"C/ PRAT DE LA RIBA, 13",08830,SANT BOI DE LLOBREGAT
100423,DISTRIDAM,DISTRIDAM,"C/ PRAT DE LA RIBA, 13",08830,SANT BOI DE LLOBREGAT
100423,DISTRIDAM,DISTRIDAM,"C/ PRAT DE LA RIBA, 13",08830,SANT BOI DE LLOBREGAT
100423,DISTRIDAM,DISTRIDAM,"C/ PRAT DE LA RIBA, 13",08830,SANT BOI DE LLOBREGAT
100423,DISTRIDAM,DISTRIDAM,"C/ PRAT DE LA RIBA, 13",08830,SANT BOI DE LLOBREGAT
100423,DISTRIDAM,DISTRIDAM,"C/ PRAT DE LA RIBA, 13",08830,SANT BOI DE LLOBREGAT
100423,DISTRIDAM,DISTRIDAM,"C/ PRAT DE LA RIBA, 13",08830,SANT BOI DE LLOBREGAT
100423,DISTRIDAM,DISTRIDAM,"C/ PRAT DE LA RIBA, 13",08830,SANT BOI DE LLOBREGAT
128249,DDI PROVEA SL (BARCELONA),DDI PROVEA SL (BARCELONA),CALLE ROSSELLO 515,08025,BARCELONA
128249,DDI PROVEA SL (BARCELONA),DDI PROVEA SL (BARCELONA),CALLE ROSSELLO 515,08025,BARCELONA
128249,DDI PROVEA SL (BARCELONA),DDI PROVEA SL (BARCELONA),CALLE ROSSELLO 515,08025,BARCELONA
128249,DDI PROVEA SL (BARCELONA),DDI PROVEA SL (BARCELONA),CALLE ROSSELLO 515,08025,BARCELONA
128249,DDI PROVEA SL (BARCELONA),DDI PROVEA SL (BARCELONA),CALLE ROSSELLO 515,08025,BARCELONA
128249,DDI PROVEA SL (BARCELONA),DDI PROVEA SL (BARCELONA),CALLE ROSSELLO 515,08025,BARCELONA
128249,DDI PROVEA SL (BARCELONA),DDI PROVEA SL (BARCELONA),CALLE ROSSELLO 515,08025,BARCELONA
128249,DDI PROVEA SL (BARCELONA),DDI PROVEA SL (BARCELONA),CALLE ROSSELLO 515,08025,BARCELONA
128249,DDI PROVEA SL (BARCELONA),DDI PROVEA SL (BARCELONA),CALLE ROSSELLO 515,08025,BARCELONA
128249,DDI PROVEA SL (BARCELONA),DDI PROVEA SL (BARCELONA),CALLE ROSSELLO 515,08025,BARCELONA
128249,DDI PROVEA SL (BARCELONA),DDI PROVEA SL (BARCELONA),CALLE ROSSELLO 515,08025,BARCELONA
128249,DDI PROVEA SL (BARCELONA),DDI PROVEA SL (BARCELONA),CALLE ROSSELLO 515,08025,BARCELONA
128249,DDI PROVEA SL (BARCELONA),DDI PROVEA SL (BARCELONA),CALLE ROSSELLO 515,08025,BARCELONA
128249,DDI PROVEA SL (BARCELONA),DDI PROVEA SL (BARCELONA),CALLE ROSSELLO 515,08025,BARCELONA
128249,DDI PROVEA SL (BARCELONA),DDI PROVEA SL (BARCELONA),CALLE ROSSELLO 515,08025,BARCELONA
128249,DDI PROVEA SL (BARCELONA),DDI PROVEA SL (BARCELONA),CALLE ROSSELLO 515,08025,BARCELONA
128249,DDI PROVEA SL (BARCELONA),DDI PROVEA SL (BARCELONA),CALLE ROSSELLO 515,08025,BARCELONA
128249,DDI PROVEA SL (BARCELONA),DDI PROVEA SL (BARCELONA),CALLE ROSSELLO 515,08025,BARCELONA
128249,DDI PROVEA SL (BARCELONA),DDI PROVEA SL (BARCELONA),CALLE ROSSELLO 515,08025,BARCELONA
128249,DDI PROVEA SL (BARCELONA),DDI PROVEA SL (BARCELONA),CALLE ROSSELLO 515,08025,BARCELONA
128249,DDI PROVEA SL (BARCELONA),DDI PROVEA SL (BARCELONA),CALLE ROSSELLO 515,08025,BARCELONA
128249,DDI PROVEA SL (BARCELONA),DDI PROVEA SL (BARCELONA),CALLE ROSSELLO 515,08025,BARCELONA
128249,DDI PROVEA SL (BARCELONA),DDI PROVEA SL (BARCELONA),CALLE ROSSELLO 515,08025,BARCELONA
128249,DDI PROVEA SL (BARCELONA),DDI PROVEA SL (BARCELONA),CALLE ROSSELLO 515,08025,BARCELONA
128249,DDI PROVEA SL (BARCELONA),DDI PROVEA SL (BARCELONA),CALLE ROSSELLO 515,08025,BARCELONA
128249,DDI PROVEA SL (BARCELONA),DDI PROVEA SL (BARCELONA),CALLE ROSSELLO 515,08025,BARCELONA
128249,DDI PROVEA SL (BARCELONA),DDI PROVEA SL (BARCELONA),CALLE ROSSELLO 515,08025,BARCELONA
128249,DDI PROVEA SL (BARCELONA),DDI PROVEA SL (BARCELONA),CALLE ROSSELLO 515,08025,BARCELONA
128249,DDI PROVEA SL (BARCELONA),DDI PROVEA SL (BARCELONA),CALLE ROSSELLO 515,08025,BARCELONA
128249,DDI PROVEA SL (BARCELONA),DDI PROVEA SL (BARCELONA),CALLE ROSSELLO 515,08025,BARCELONA
128249,DDI PROVEA SL (BARCELONA),DDI PROVEA SL (BARCELONA),CALLE ROSSELLO 515,08025,BARCELONA
128249,DDI PROVEA SL (BARCELONA),DDI PROVEA SL (BARCELONA),CALLE ROSSELLO 515,08025,BARCELONA
128249,DDI PROVEA SL (BARCELONA),DDI PROVEA SL (BARCELONA),CALLE ROSSELLO 515,08025,BARCELONA
128249,DDI PROVEA SL (BARCELONA),DDI PROVEA SL (BARCELONA),CALLE ROSSELLO 515,08025,BARCELONA
128249,DDI PROVEA SL (BARCELONA),DDI PROVEA SL (BARCELONA),CALLE ROSSELLO 515,08025,BARCELONA
128249,DDI PROVEA SL (BARCELONA),DDI PROVEA SL (BARCELONA),CALLE ROSSELLO 515,08025,BARCELONA
128249,DDI PROVEA SL (BARCELONA),DDI PROVEA SL (BARCELONA),CALLE ROSSELLO 515,08025,BARCELONA
128249,DDI PROVEA SL (BARCELONA),DDI PROVEA SL (BARCELONA),CALLE ROSSELLO 515,08025,BARCELONA
128249,DDI PROVEA SL (BARCELONA),DDI PROVEA SL (BARCELONA),CALLE ROSSELLO 515,08025,BARCELONA
128249,DDI PROVEA SL (BARCELONA),DDI PROVEA SL (BARCELONA),CALLE ROSSELLO 515,08025,BARCELONA
128249,DDI PROVEA SL (BARCELONA),DDI PROVEA SL (BARCELONA),CALLE ROSSELLO 515,08025,BARCELONA
128249,DDI PROVEA SL (BARCELONA),DDI PROVEA SL (BARCELONA),CALLE ROSSELLO 515,08025,BARCELONA
128249,DDI PROVEA SL (BARCELONA),DDI PROVEA SL (BARCELONA),CALLE ROSSELLO 515,08025,BARCELONA
128249,DDI PROVEA SL (BARCELONA),DDI PROVEA SL (BARCELONA),CALLE ROSSELLO 515,08025,BARCELONA
128249,DDI PROVEA SL (BARCELONA),DDI PROVEA SL (BARCELONA),CALLE ROSSELLO 515,08025,BARCELONA
128249,DDI PROVEA SL (BARCELONA),DDI PROVEA SL (BARCELONA),CALLE ROSSELLO 515,08025,BARCELONA
128249,DDI PROVEA SL (BARCELONA),DDI PROVEA SL (BARCELONA),CALLE ROSSELLO 515,08025,BARCELONA
128249,DDI PROVEA SL (BARCELONA),DDI PROVEA SL (BARCELONA),CALLE ROSSELLO 515,08025,BARCELONA
128051,GRANJA ESTEL,GRANJA ESTEL,RAMBLA NOVA 10,08100,MOLLET DEL VALLÈS
9100498065,GIN BAR,GIN BAR,Avinguda de la Llibertat 20,08100,MOLLET DEL VALLES
9100501076,PA TONET,PA TONET,PLAZA PORXADA 3,08401,GRANOLLERS
9100502995,FLECA BRETCHA (HOSPITAL),FLECA BRETCHA (HOSPITAL),CALLE FRANSCESC RIBAS 64,08402,GRANOLLERS
9100503205,BAR FRAYMAN,BAR FRAYMAN,CALLE ENRIC MORERA 27,08100,MOLLET DEL VALLÈS
9100503664,BAR CAFETERIA LLIÇÀ D’AMUNT,BAR CAFETERIA LLIÇÀ D’AMUNT,CALLE L'ALIANÇA 7,08186,LLIÇÀ D'AMUNT
9100529176,BAR LA PLAÇA LES FRANQUESES,BAR LA PLAÇA LES FRANQUESES,PLAZA ESPANYA 10,08521,BELLAVISTA
9100529181,BAR RESTAURANT GAUDI,BAR RESTAURANT GAUDI,Avinguda d'Antoni Gaudí 3,08100,MOLLET DEL VALLES
9100529300,EL MORDISKITO MONTORNES,EL MORDISKITO MONTORNES,CALLE PALAU D'AMETLLA 15,08170,MONTORNÈS DEL VALLÈS
9100535260,TEATRE AUDITORI (CATERING),TEATRE AUDITORI (CATERING),CALLE JOSEP TORRAS I BAGES 50,08401,GRANOLLERS
9100536475,ALFREDO PARODI FURHMAN,ALFREDO PARODI FURHMAN,RAMBLA NOVA 33-35,08100,MOLLET DEL VALLÈS
9100536484,CRISTIAN LORENTE AINAUD,CRISTIAN LORENTE AINAUD,AVENIDA L'ALZINAR 11,08033,BARCELONA
9100536762,' EL NOU' TOÓ RICO,' EL NOU' TOÓ RICO,CALLE MAJOR 66,08170,MONTORNÈS DEL VALLÈS
9100537742,NOU TOÓ RICO (MONTMELÓ),NOU TOÓ RICO (MONTMELÓ),Carrer Major 51,08160,MONTMELÓ
9100538933,RSTE. CHINO GRAN MUNDO,RSTE. CHINO GRAN MUNDO,CALLE GIRONA 12,08402,GRANOLLERS
9100539485,BAR PHILADELPHIA,BAR PHILADELPHIA,Rambla Nova 3,08100,MOLLET DEL VALLES
9100540782,MAFALDA,MAFALDA,AVENIDA RIVOLI 22,08100,MOLLET DEL VALLÈS
9100541197,CLUB DE FUTBOL MARTORELLES,CLUB DE FUTBOL MARTORELLES,Carrer de Can Puig S/N,08107,MARTORELLES
9100542069,BAR BISHOP,BAR BISHOP,PERE RAMON S/N (DARRERA MERCAT S/N,08100,MOLLET DEL VALLÈS
9100544203,EXTREMEÑOS BAR,EXTREMEÑOS BAR,Carrer de Borrell 16,08100,MOLLET DEL VALLES
9100544826,BROTHERS,BROTHERS,CALLE FRANCESC LAYRET 28,08100,MOLLET DEL VALLÈS
9100545628,PITAPES BERENGUER,PITAPES BERENGUER,BERENGUER III 71,08100,MOLLET DEL VALLÈS
9100547290,BAR SERRA LLIÇA,BAR SERRA LLIÇA,CALLE RIBERA D'EBRE 81,08186,LLIÇÀ D'AMUNT
9100550379,BAR LONDEN 2,BAR LONDEN 2,CALLE CAMP DE LES MORERES 2,08401,GRANOLLERS
9100552330,RESTAURANT JAPONES SUSHI AKI,RESTAURANT JAPONES SUSHI AKI,Carrer d'Anselm Clavé 13,08100,MOLLET DEL VALLES
9100553092,GARDEN PIZZA (GRANOLLERS),GARDEN PIZZA (GRANOLLERS),Carrer de Minetes 29,08402,GRANOLLERS
9100553915,LA PLANCHA ÑAM ÑAM,LA PLANCHA ÑAM ÑAM,ZONA ESPORTIVA SN,08520,FRANQUESES DEL VALLES (LES)
9100554598,CAL FORNER,CAL FORNER,AVENIDA SANT ESTEVE 3,08402,GRANOLLERS
9100556448,CAL TAPA GASTROBAR,CAL TAPA GASTROBAR,CALLE BERENGUER III 168,08100,MOLLET DEL VALLES
9100556449,ALHAMBRA 57,ALHAMBRA 57,AVENIDA ANTONI GAUDI 57,08100,MOLLET DEL VALLÈS
9100558804,TRES TASSES,TRES TASSES,PLAZA CORONA 4,08402,GRANOLLERS
9100559291,INDOORWALL GRANOLLERS,INDOORWALL GRANOLLERS,CALLE CASTELLTERÇOL 1-3,08401,GRANOLLERS
9100560544,CAFETERIA LUISIANA,CAFETERIA LUISIANA,PASEO JOAN MIRO 8,08185,PARETS DEL VALLES
9100562973,RESTAURANTE VII,RESTAURANTE VII,CALLE CASTELLTERÇOL 15,08401,GRANOLLERS
9100564349,EL LORO CHARLY RESTAURANT,EL LORO CHARLY RESTAURANT,Carrer de la Carrerada 5,08107,MARTORELLES
9100566100,OH LA LA,OH LA LA,AVENIDA LLUIS COMPANYS 39,08150,PARETS DEL VALLÈS
9100566254,BAR TABERNA PARAISO RIM,BAR TABERNA PARAISO RIM,RAMBLA NOVA 29-31,08100,MOLLET DEL VALLÈS
9100568067,SUSHI HE GRANOLLERS,SUSHI HE GRANOLLERS,CALLE MATARO 6,08403,GRANOLLERS
9100568310,BAR CHAMPANILLO,BAR CHAMPANILLO,PLAZA MAJOR 24,08100,MOLLET DEL VALLES
9100569006,PASTISSERIA JOAN,PASTISSERIA JOAN,AVENIDA PEDRA DEL DIABLE 6,08150,PARETS DEL VALLES
9100574514,COREFO (BAR),COREFO (BAR),AVENIDA CATALUNYA 24,08150,PARETS DEL VALLÈS
9100576264,BAR LA BONA SORT ( CAN BORELL ),BAR LA BONA SORT ( CAN BORELL ),CALLE GALLECS 50,08100,MOLLET DEL VALLÈS
9100579782,BAR  EL NOU TUNEL,BAR  EL NOU TUNEL,CALLE MAS ESTAPER 8,08400,GRANOLLERS
9100580278,RESTAURANT 'LES ARCADES',RESTAURANT 'LES ARCADES',GERONA 29,08400,GRANOLLERS
9100582978,BAR RESTAURANTE FRETES,BAR RESTAURANTE FRETES,"RAMBLA NOVA, 69 -",08100,MOLLET DEL VALLÈS
9100583212,RACO DEL SEMI CACHOPO,RACO DEL SEMI CACHOPO,CALLE JOAQUIM MIR 88,08100,MOLLET DEL VALLES
9100591127,MING BAR RESTAURANTE,MING BAR RESTAURANTE,AVENIDA DE LA LLIBERTAD 53,08100,MOLLET DEL VALLÈS
9100591222,EL GRILLAT,EL GRILLAT,CALLE ANSELM CLAVE 2,08186,LLI#A D'AMUNT
9100591493,LAS PISTAS BAR,LAS PISTAS BAR,PASEO FLUVIAL S/N,08150,PARETS DEL VALLÈS
9100591545,FRANKFURT LA CANYA,FRANKFURT LA CANYA,PLAZA LA FONT 2,08186,LLIÇÀ D'AMUNT
9100596041,CAFETERIA UMAMI,CAFETERIA UMAMI,Plaça de Prat de la Riba 18,08100,MOLLET DEL VALLES
9100596801,JUAN JOSE MIRANDA ABRIL,JUAN JOSE MIRANDA ABRIL,CALLE MOLI DE CAN BASSA S/N,08100,MOLLET DEL VALLÈS
9100597581,BAR TOLIN,BAR TOLIN,AVENIDA CATALUNYA 14,08185,LLIÇA DE VALL
9100601682,LA BONA TECA,LA BONA TECA,BLAS INFANTE 15,08170,MONTORNÈS DEL VALLÈS
9100601980,MODERN FOOD,MODERN FOOD,CALLE SANT ROC 17,08401,GRANOLLERS
9100602372,FRANFURT 151,FRANFURT 151,CARRETERA CALDES 151,08186,LLIÇA D'AMUNT
9100603628,RESTAURANTE BUENA SUERTE,RESTAURANTE BUENA SUERTE,PASEO MUNTANYA 90,08402,GRANOLLERS
9100607321,CACHITO PAN,CACHITO PAN,AVENIDA CALDES 27,08100,MOLLET DEL VALLES
9100607527,BAR CAN MONIC,BAR CAN MONIC,PLAZA CAN MONIC 6,08402,GRANOLLERS
9100645059,RESTAURANT CROAKS VIC,RESTAURANT CROAKS VIC,ESTACIO 2,08500,VIC
9100645059,RESTAURANT CROAKS VIC,RESTAURANT CROAKS VIC,ESTACIO 2,08500,VIC
9100250629,CAFE LA PLAÇA,CAFE LA PLAÇA,CALLE GOMBAU DE BESORA 1,08580,SANT QUIRZE DE BESORA
9100495381,QUATREPAMS,QUATREPAMS,AVENIDA EUROPA 21,08401,GRANOLLERS
9100264285,"PITAPES CALDERI 3 BRANQUES VALLES ,",3 BRANQUES VALLES SL,DEL CALDERI S/N,08100,MOLLET DEL VALLES
9100264285,"PITAPES CALDERI 3 BRANQUES VALLES ,",3 BRANQUES VALLES SL,DEL CALDERI S/N,08100,MOLLET DEL VALLES
9100264285,"PITAPES CALDERI 3 BRANQUES VALLES ,",3 BRANQUES VALLES SL,DEL CALDERI S/N,08100,MOLLET DEL VALLES
9100264285,"PITAPES CALDERI 3 BRANQUES VALLES ,",3 BRANQUES VALLES SL,DEL CALDERI S/N,08100,MOLLET DEL VALLES
9100663630,EL BART,EL BART,Carrer de la Riera 25,08500,VIC
9100722247,El Racó de la Gina,El Racó de la Gina,Carretera d'Olot 140,08560,MANLLEU
9100569087,RAMIREZ BERMUDEZ SERGIO,RAMIREZ BERMUDEZ SERGIO,CALLE PRUIT S/N,08500,VIC
9100749940,RUSTIK GASTRO BAR,RUSTIK GASTRO BAR,CALLE HORTA 11,08107,MARTORELLES
