Material,Número de material,Ce.,Alm.,UMB,Fabricante,Número de un fabricante,Ubic.
0AM0783,LOTUS BISCOFF 300U,D131,0001,CAJ,35166,Lotus Bakeries España SL,FA05A2
0LM0582,SANTEX GUANTES NITRILO S/POLV NEGRO T S,D131,0005,CAJ,43786,"SANTEX 2000 INTERNACIONAL, SL",ZCG
0RF0088,/-SCHWEPPES TONICA LATA SLEEK 24U,D131,0001,CAJ,33298,"SCHWEPPES, S.A.",CB06A2
0RF0091,/-SCHWEPPES LIMON LATA SLEEK 24U,D131,0005,CAJ,33298,"SCHWEPPES, S.A.",ZCG
0RF0109,/-BITTER KAS 200 SR 24U,D131,0001,CAJ,33298,"SCHWEPPES, S.A.",DB06A1
0RF0260,/-TRINA NARANJA ZERO 250 S/R 24U,D131,0005,CAJ,33298,"SCHWEPPES, S.A.",ZCG
0RF0296,RED BULL ENERGY DRINK 25CL LATA 24U,D131,0001,CAJ,33003,RED BULL ESPAÑA SL,CB06A3
0VE0025,CASTELL D´ORDAL BRUT 75CL 6U,D131,0005,CAJ,33786,CAVAS J.HILL SL,ZCG
PL13,EUROCAJA 1/3 DAMM VACIA 24U. P.PLAST.A13,D131,0002,UN,5001,S.A. DAMM,AAAAAA
0AG0035,VICHY CATALAN TONICAS 1/3 LATA 24U,D131,0005,CAJ,30399,PREMIUM MIX GROUP S.L,ZCG
0AG0036,VICHY CATALAN NARANJA 1/3 LATA 24U,D131,0005,CAJ,30399,PREMIUM MIX GROUP S.L,ZCG
0AG0038,VICHY CATALAN PLUS MENTA 1/3 LATA 24U,D131,0005,CAJ,30399,PREMIUM MIX GROUP S.L,ZCG
0AG0046,"VICHY CATALAN GAS 1,2L PET 6U",D131,0005,CAJ,30399,PREMIUM MIX GROUP S.L,ZCG
0AG0052,VICHY CATALAN GAS 1/2 PET 24U,D131,0001,CAJ,30399,PREMIUM MIX GROUP S.L,EA01A3
0AG0078,VICHY CATALAN FRUIT NARANJA 1/2 PET 24U,D131,0005,CAJ,30399,PREMIUM MIX GROUP S.L,ZCG
0AG0079,VICHY CATALAN FRUIT LIMON 1/2 PET 24U,D131,0005,CAJ,30399,PREMIUM MIX GROUP S.L,ZCG
0AG0080,VICHY CATALAN FRUIT MANZANA 1/2 PET 24U,D131,0005,CAJ,30399,PREMIUM MIX GROUP S.L,ZCG
0AG0081,"VICHY CATALAN FRUIT NARANJA 1,2L PET 6U",D131,0005,CAJ,30399,PREMIUM MIX GROUP S.L,ZCG
0AG0082,"VICHY CATALAN FRUIT LIMON 1,2L PET 6U",D131,0005,CAJ,30399,PREMIUM MIX GROUP S.L,ZCG
0AM0004,CHOVI ACEITE OLIVA VIRG EXT SOB 1CL 250,D131,0005,CAJ,43400,"CHOVI, SL",ZCG
0AM0005,SAL GARCIA SAL GRUESA ESP PESCADO 2K,D131,0005,CAJ,5114,"FRANCISCO GARCIA EL RISOS, S.L",ZCG
0AM0006,FEMUA VINAGRE DE VINO BLANCO 2L,D131,0005,CAJ,43403,"VINAGRERIAS RIOJANAS, SA",ZCG
0AM0007,FEMUA VINAGRE DE VINO NEGRO 2L,D131,0005,CAJ,43403,"VINAGRERIAS RIOJANAS, SA",ZCG
0AM0009,FEMUA VINAGRE DE VINO BLANCO 1L,D131,0005,UN,43403,"VINAGRERIAS RIOJANAS, SA",ZCG
0AM0012,CHOVI VINAGRE DE VINO SOBRES 1CL 250U,D131,0005,CAJ,43400,"CHOVI, SL",ZCG
0AM0018,CHOVI MAYONESA 10G 252U,D131,0005,CAJ,43400,"CHOVI, SL",ZCG
0AM0019,CHOVI KETCHUP 10G 252U,D131,0005,CAJ,43400,"CHOVI, SL",ZCG
0AM0020,CHOVI MOSTAZA  AMARILLA 6G 378U,D131,0005,CAJ,43400,"CHOVI, SL",ZCG
0AM0021,CHOVI KETCHUP 2KG,D131,0005,UN,43400,"CHOVI, SL",ZCG
0AM0022,CHOVI MOSTAZA AMARILLA 2KG,D131,0005,UN,43400,"CHOVI, SL",ZCG
0AM0023,CHOVI SALSA BRAVA 2KG,D131,0005,UN,43400,"CHOVI, SL",ZCG
0AM0024,CHOVI SALSA ROSACOCTEL 2KG,D131,0005,UN,43400,"CHOVI, SL",ZCG
0AM0027,CHOVI AJONESA 2KG,D131,0005,UN,43400,"CHOVI, SL",ZCG
0AM0028,BOVRIL CONCENTRADO DE CARNE 500 G.,D131,0005,UN,34539,UNILEVER ESPAÑA SA,ZCG
0AM0029,GALLINA BLANCA SALSA BECHAMEL DESHIDR1KG,D131,0005,UN,33728,GALLINA BLANCA S.A,ZCG
0AM0033,HELLMANN.S MAYONESA 3 L.,D131,0005,UN,34539,UNILEVER ESPAÑA SA,ZCG
0AM0036,PERRINS SALSA 15 CL.,D131,0005,UN,,,ZCG
0AM0037,CHOVI SALSA PICANTE TABASCO 60G,D131,0005,UN,43400,"CHOVI, SL",ZCG
0AM0040,CERVANTES PIMIENTA DULCE ROJA 915 G.,D131,0005,UN,43413,"ESPECIAS CERVANTES, SL",ZCG
0AM0041,CERVANTES PIMIENTA PICANTE ROJA 915 G.,D131,0005,UN,43413,"ESPECIAS CERVANTES, SL",ZCG
0AM0042,CERVANTES PIMIENTA NEGRA MOLIDA 850 GR.,D131,0005,UN,43413,"ESPECIAS CERVANTES, SL",ZCG
0AM0043,CERVANTES PIMIENTA NEGRA EN GRANO 700G.,D131,0005,UN,43413,"ESPECIAS CERVANTES, SL",ZCG
0AM0045,CERVANTES CAYENA EN RAMA 300 G.,D131,0005,UN,43413,"ESPECIAS CERVANTES, SL",ZCG
0AM0047,CERVANTES CURRI EN POLVO 915 G.,D131,0005,UN,43413,"ESPECIAS CERVANTES, SL",ZCG
0AM0049,CERVANTES CANELA EN RAMA 300 G.,D131,0005,UN,43413,"ESPECIAS CERVANTES, SL",ZCG
0AM0050,CERVANTES NUEZ MOSCADA MOLIDA 915 G.,D131,0005,UN,43413,"ESPECIAS CERVANTES, SL",ZCG
0AM0053,CERVANTES AZAFRAN EN HILO 1G 5U,D131,0005,CAJ,43413,"ESPECIAS CERVANTES, SL",ZCG
0AM0054,CERVANTES PIMIENTA VERDA FRESCA 500 G.,D131,0005,UN,43413,"ESPECIAS CERVANTES, SL",ZCG
0AM0055,CERVANTES OREGANO 200 G.,D131,0005,UN,43413,"ESPECIAS CERVANTES, SL",ZCG
0AM0057,CERVANTES TOMILLO 400 G.,D131,0005,UN,43413,"ESPECIAS CERVANTES, SL",ZCG
0AM0060,CERVANTES HIERBAS PROVENZALES 350 G.,D131,0005,UN,43413,"ESPECIAS CERVANTES, SL",ZCG
0AM0064,CERVANTES AJO EN POLVO 915 G.,D131,0005,UN,43413,"ESPECIAS CERVANTES, SL",ZCG
0AM0065,CERVANTES AJO GRANULADO 915 G.,D131,0005,UN,43413,"ESPECIAS CERVANTES, SL",ZCG
0AM0067,CERVANTES ESPECIAS PINCHOS MORUNOS 915G,D131,0005,UN,43413,"ESPECIAS CERVANTES, SL",ZCG
0AM0068,"REDONDO COCTEL DE ACEITUNAS LATA 2,5KG",D131,0005,UN,43406,"ACEITUNAS REDONDO, SL",ZCG
0AM0069,"REDONDO ACEITUNA PARTIDA 2,5 KG.",D131,0005,UN,43406,"ACEITUNAS REDONDO, SL",ZCG
0AM0070,"REDONDO ACEITUNA GAZPACHA 2,5 KG.",D131,0005,UN,43406,"ACEITUNAS REDONDO, SL",ZCG
0AM0072,"REDONDO ACEITUNA ARAGON 2,5 KG.",D131,0005,UN,43406,"ACEITUNAS REDONDO, SL",ZCG
0AM0074,"REDONDO ACEITUNA MANZANILLA 2,5 KG.",D131,0005,UN,43406,"ACEITUNAS REDONDO, SL",ZCG
0AM0076,"REDONDO ACEITUNA NEGRA DULCE LATA 2,5 KG",D131,0005,UN,43406,"ACEITUNAS REDONDO, SL",ZCG
0AM0077,"LA SEVILLANA ACEITUNA NEGRA S/H 1,445KG",D131,0005,UN,43406,"ACEITUNAS REDONDO, SL",ZCG
0AM0081,REDONDO ALCAPARRAS 800 G.,D131,0005,UN,43406,"ACEITUNAS REDONDO, SL",ZCG
0AM0082,REDONDO BANDERILLAS 40/45 GALON 1KG,D131,0005,UN,43406,"ACEITUNAS REDONDO, SL",ZCG
0AM0086,JAE JUDIA PINTA 3KG,D131,0005,UN,43412,"RIBEREBRO INTEGRAL, SAU",ZCG
0AM0087,JAE LENTEJA EXTRA 3KG,D131,0005,UN,43412,"RIBEREBRO INTEGRAL, SAU",ZCG
0AM0088,JAE GARBANZO EXTRA 3KG,D131,0005,UN,43412,"RIBEREBRO INTEGRAL, SAU",ZCG
0AM0089,JAE JUDIA LARGA BLANCA EXTRA 3KG,D131,0005,UN,43412,"RIBEREBRO INTEGRAL, SAU",ZCG
0AM0090,JAE JUDIA LARGA EXTRA 580G,D131,0005,UN,43412,"RIBEREBRO INTEGRAL, SAU",ZCG
0AM0091,JAE GARBANZAO EXTRA 580G,D131,0005,UN,43412,"RIBEREBRO INTEGRAL, SAU",ZCG
0AM0092,JAE LENTEJA EXTRA 580G,D131,0005,UN,43412,"RIBEREBRO INTEGRAL, SAU",ZCG
0AM0098,"ORLANDO TOMATE FRITO 2,65 KG.",D131,0005,UN,43409,"HJ HEINZ FOODS SPAIN, SLU",ZCG
0AM0099,ORLANDO TOMATE TRITURADO 5 KG.,D131,0005,UN,43409,"HJ HEINZ FOODS SPAIN, SLU",ZCG
0AM0100,"ORLANDO TOMATE TRITURADO 2,5 KG.",D131,0005,UN,43409,"HJ HEINZ FOODS SPAIN, SLU",ZCG
0AM0101,ORLANDO TOMATE FRITO 800 G.,D131,0005,UN,43409,"HJ HEINZ FOODS SPAIN, SLU",ZCG
0AM0103,EUROCEBOLLAS CEBOLLA FRITA A.OLIVA 500G,D131,0005,UN,43429,MANIPULADOS DE CEBOLLAS Y DERIVADOS,ZCG
0AM0125,VALERIO SETAS MEZCLA 3KG,D131,0005,UN,15570,"COMERGRUP, S.L.",ZCG
0AM0131,MONTSIÀ ARROZ EXTRA 5 KG.,D131,0005,UN,85,CAMARA ARROSSERA DEL MONTSIA I SECC,ZCG
0AM0138,CORTIZO SARDINILLAS ACEITE OLIVA  7/10,D131,0005,UN,43422,"CONSERVERA DE RIANXO, SA",ZCG
0AM0139,LA PESCADORA BONITO MIGAS GIRASOL RO1100,D131,0005,UN,15570,"COMERGRUP, S.L.",ZCG
0AM0145,NASSARI ANCHOAS ACEITE GIRASOL 150G,D131,0005,UN,43425,"SIRO I XAVI, SL",ZCG
0AM0146,BOCARI ANCHOA EN ACEITE 100 FILETES,D131,0005,UN,43425,"SIRO I XAVI, SL",ZCG
0AM0147,BOCARI BOQUERON FRESCO 570 G.,D131,0005,UN,43425,"SIRO I XAVI, SL",ZCG
0AM0149,"FAISAN TIBURON Nº 0, 5 KG.",D131,0005,UN,43440,"COMERCIAL GALLO, SA",ZCG
0AM0151,FAISAN MACARRONES Nº 6 5KG,D131,0005,UN,43440,"COMERCIAL GALLO, SA",ZCG
0AM0152,FAISAN FIDEOS Nº 0 CABELLINI 5KG,D131,0005,UN,43440,"COMERCIAL GALLO, SA",ZCG
0AM0154,FAISAN FIDEOS Nº 2 ENTREFINOS 5KG,D131,0005,UN,43440,"COMERCIAL GALLO, SA",ZCG
0AM0155,FAISAN FIDEOS Nº 4 GRUESO 5KG,D131,0005,UN,43440,"COMERCIAL GALLO, SA",ZCG
0AM0157,FAISAN TALLARIN 5KG,D131,0005,UN,43440,"COMERCIAL GALLO, SA",ZCG
0AM0158,FAISAN ESPAGUETI Nº 3 5 KG,D131,0005,UN,43440,"COMERCIAL GALLO, SA",ZCG
0AM0160,GALLO RAVIOLIS RELLENOS DE CARNE 2 KG.,D131,0005,UN,43440,"COMERCIAL GALLO, SA",ZCG
0AM0161,GALLO TORTELINIS RELLENOS DE CARNE 2 KG.,D131,0005,UN,43440,"COMERCIAL GALLO, SA",ZCG
0AM0164,BAYO ARROZ EXTRA 1KG,D131,0005,UN,29056,NOMEN FOODS SL,ZCG
0AM0165,BAYO ARROZ EXTRA 5 KG.,D131,0005,UN,29056,NOMEN FOODS SL,ZCG
0AM0167,BAYO ARROZ VAPORIZADO 5 KG.,D131,0005,UN,29056,NOMEN FOODS SL,ZCG
0AM0168,MONTSIÀ ARROZ VAPORIZADO 5 KG.,D131,0005,UN,85,CAMARA ARROSSERA DEL MONTSIA I SECC,ZCG
0AM0169,BAYO ARROZ BOMBA 1 KG.,D131,0005,UN,29056,NOMEN FOODS SL,ZCG
0AM0171,"MAIZENA HARINA DE FINA TRIGO 2,5 KG.",D131,0005,UN,34539,UNILEVER ESPAÑA SA,ZCG
0AM0172,GALLO PAN RALLADO ESPECIAL HOSTELERIA5KG,D131,0005,UN,43440,"COMERCIAL GALLO, SA",ZCG
0AM0174,LA COCHURA LENTEJA EXTRA CAST.5KG,D131,0005,UN,43410,"LEGUMBRES LA COCHURA, SA",ZCG
0AM0175,LA COCHURA LENTEJA PARDINA 5KG,D131,0005,UN,43410,"LEGUMBRES LA COCHURA, SA",ZCG
0AM0180,AVECREM CALDO CARNE S/GLUTEN 1KG,D131,0005,UN,33728,GALLINA BLANCA S.A,ZCG
0AM0183,ROYAL CUAJADA 24G 36U,D131,0005,UN,17604,KRAFT FOODS ESPAÑA COMMERCIAL S.L.,ZCG
0AM0184,ROYAL CARAMELO LIQUIDO 1KG,D131,0005,UN,17604,KRAFT FOODS ESPAÑA COMMERCIAL S.L.,ZCG
0AM0187,ROYAL FLAN BOTE 800G 1U,D131,0005,UN,17604,KRAFT FOODS ESPAÑA COMMERCIAL S.L.,ZCG
0AM0188,ROYAL CREMA CATALANA 800 G. 26 RACIONES,D131,0005,UN,17604,KRAFT FOODS ESPAÑA COMMERCIAL S.L.,ZCG
0AM0189,ROYAL LEVADURA 900 G.,D131,0005,UN,17604,KRAFT FOODS ESPAÑA COMMERCIAL S.L.,ZCG
0AM0191,ROYAL GELATINA NEUTRA 650G,D131,0005,UN,17604,KRAFT FOODS ESPAÑA COMMERCIAL S.L.,ZCG
0AM0202,ITAC CACAHUETE VIRG PELADO FRITO SAL 2KG,D131,0005,UN,43428,"ITAC HISPANIA, SA",ZCG
0AM0212,GALLO ESPAGUETI Nº3 ESP HOSTELERIA 3KG,D131,0005,UN,43440,"COMERCIAL GALLO, SA",ZCG
0AM0213,GALLO MACARRONES PULMAS Nº6 ESP HOST 3K,D131,0005,UN,43440,"COMERCIAL GALLO, SA",ZCG
0AM0227,FRYTOP GOLD ACEITE PARA FREIR 25 L.,D131,0005,UN,43401,"GRUP PONS SINCE 1945, SL",ZCG
0AM0229,DOMESOL ACEITE DE GIRASOL 5 L.,D131,0005,UN,15570,"COMERGRUP, S.L.",ZCG
0AM0230,DOMESOL ACEITE GIRASOL 25L,D131,0005,UN,15570,"COMERGRUP, S.L.",ZCG
0AM0231,DOMOLIVA ACEITE DE OLIVA INTENSO 5 L.,D131,0005,UN,15570,"COMERGRUP, S.L.",ZCG
0AM0232,DOMOLIVA ACEITE DE OLIVA SUAVE 5 L.,D131,0005,UN,15570,"COMERGRUP, S.L.",ZCG
0AM0233,DOMOLIVA ACEITE DE OLIVA VIRGEN EXTRA 5L,D131,0005,UN,15570,"COMERGRUP, S.L.",ZCG
0AM0234,SAL GARCIA SAL FINA PARA LA MESA 1KG 20U,D131,0005,CAJ,5114,"FRANCISCO GARCIA EL RISOS, S.L",ZCG
0AM0237,FEMUA VINAGRE DE VINO NEGRO 5 L.,D131,0005,UN,43403,"VINAGRERIAS RIOJANAS, SA",ZCG
0AM0238,FEMUA VINAGRE DE VINO BLANCO 5 L.,D131,0005,UN,43403,"VINAGRERIAS RIOJANAS, SA",ZCG
0AM0240,GALLO HELICES CON VEGETAL 3 KG.,D131,0005,UN,43440,"COMERCIAL GALLO, SA",ZCG
0AM0242,GALLO PAJARITAS (LAZOS) VEGETAL 3KG,D131,0005,UN,43440,"COMERCIAL GALLO, SA",ZCG
0AM0248,"GALLINA BLANCA CALDO CONC.PESCADO RJ 0,5",D131,0005,UN,33728,GALLINA BLANCA S.A,ZCG
0AM0249,GALLINA BLANCA CALDO CONCEN CARNE 50CL,D131,0005,UN,33728,GALLINA BLANCA S.A,ZCG
0AM0250,"GALLINA BLANCA CALDO CONCEN POLLO 0,5 L.",D131,0005,UN,33728,GALLINA BLANCA S.A,ZCG
0AM0251,PALADIN CHOCOLATE A LA TAZA 33G 30U,D131,0005,UN,37874,IDILIA FOODS SLU,ZCG
0AM0263,"ORLANDO KETCHUP 1,8 KG.",D131,0005,UN,43409,"HJ HEINZ FOODS SPAIN, SLU",ZCG
0AM0264,CHOVI SALSA ALLIOLI 2KG,D131,0005,UN,43400,"CHOVI, SL",ZCG
0AM0272,"FAISAN TIBURON Nº 1, 5 KG.",D131,0005,UN,43440,"COMERCIAL GALLO, SA",ZCG
0AM0282,REPESCA ANCHOA EN ACAITE 100 FILETES,D131,0005,UN,43425,"SIRO I XAVI, SL",ZCG
0AM0283,REPESCA BOQUERON EN ACEITE 570 G.,D131,0005,UN,43425,"SIRO I XAVI, SL",ZCG
0AM0285,JUANFRA ACEITUNAS RELLENAS DE ANCHOA 2KG,D131,0005,UN,43405,"ACEITUNAS JUANFRA, SL",ZCG
0AM0286,EUROCEBOLLAS CEBOLLA FRITA CARAMELZ.500G,D131,0005,UN,43429,MANIPULADOS DE CEBOLLAS Y DERIVADOS,ZCG
0AM0288,SALSA VIANDOX 160G,D131,0005,UN,34539,UNILEVER ESPAÑA SA,ZCG
0AM0293,PAY PAY ALMEJA AL NATURAL OL120 F.A.,D131,0005,UN,43421,"CONSERVAS CERQUEIRA, SA",ZCG
0AM0297,PAY PAY CHIPIRON SALSA AMERICANA OL120,D131,0005,UN,43421,"CONSERVAS CERQUEIRA, SA",ZCG
0AM0300,PAY PAY NAVAJAS AL NATURAL OL120 F.A.,D131,0005,UN,43421,"CONSERVAS CERQUEIRA, SA",ZCG
0AM0302,AZUCARERA AZUCAR 25 KG.,D131,0005,UN,26647,AB AZUCARERA IBERIA S.L.U,ZCG
0AM0307,TOT SNACK PATATAS FRITAS 60G 18U,D131,0005,CAJ,43457,"TOT SNACK, SL",ZCG
0AM0308,DELOUISE VINAGRE BALSAMICO MODENA 50CL,D131,0005,UN,43403,"VINAGRERIAS RIOJANAS, SA",ZCG
0AM0310,"CHOVI MAYO25 MAYONESA SUAVE ESP.HOST3,6L",D131,0005,UN,43400,"CHOVI, SL",ZCG
0AM0312,"BAYMAR BERBERECHOS NATURAL  0L120, 35/45",D131,0005,UN,43423,"REDISCO ALIMENTACION, SL",ZCG
0AM0313,"CELORRIO MAYONESA 3,6 KG.",D131,0005,UN,43414,"CELORRIO FOODS, SL",ZCG
0AM0315,BAYMAR ATUN BOLSA 1KG,D131,0005,UN,43423,"REDISCO ALIMENTACION, SL",ZCG
0AM0318,EL XILLU ANCHOA DE ESCALA EN ACEITE 50F,D131,0005,UN,17482,ANXOVES EL XILLU S.L.,ZCG
0AM0322,FAISAN FIDEOS Nº 1 FINO 5KG,D131,0005,UN,43440,"COMERCIAL GALLO, SA",ZCG
0AM0323,SALSA KIM VE WONG SOJA 1L,D131,0005,UN,15570,"COMERGRUP, S.L.",ZCG
0AM0325,CERVANTES ENEBRO 120 G.,D131,0005,UN,43413,"ESPECIAS CERVANTES, SL",ZCG
0AM0331,BAYO ARROZ BASMATI 5 KG.,D131,0005,UN,29056,NOMEN FOODS SL,ZCG
0AM0332,ESPINALER SALSA 75 CL.,D131,0005,UN,13667,ESPINALER 1896 SL,ZCG
0AM0333,"ESPINALER SALSA 9,2CL 12U",D131,0005,CAJ,13667,ESPINALER 1896 SL,ZCG
0AM0343,ORLANDO TOMATE FRITO 2KG BRIK,D131,0005,UN,43409,"HJ HEINZ FOODS SPAIN, SLU",ZCG
0AM0352,GB SALSA PIMIENTA VERDE DESHIDRATAD 1KG,D131,0005,UN,33728,GALLINA BLANCA S.A,ZCG
0AM0354,GB SALSA DEMI GLACE DESHIDRATADA 1KG,D131,0005,UN,33728,GALLINA BLANCA S.A,ZCG
0AM0357,GALLETAS CORTESIA CAFE&TE 250U,D131,0005,CAJ,15570,"COMERGRUP, S.L.",ZCG
0AM0359,REDONDO ACEITUNA PARTIDA 9 KG.,D131,0005,UN,43406,"ACEITUNAS REDONDO, SL",ZCG
0AM0360,REDONDO ACEITUNA GAZPACHA 9 KG.,D131,0005,UN,43406,"ACEITUNAS REDONDO, SL",ZCG
0AM0361,REDONDO ACEITUNA PERDIGON 9 KG.,D131,0005,UN,43406,"ACEITUNAS REDONDO, SL",ZCG
0AM0362,REDONDO COCTEL DE ACEITUNAS 9 KG.,D131,0005,UN,43406,"ACEITUNAS REDONDO, SL",ZCG
0AM0364,CHOVI SALSA CESAR 85CL,D131,0005,UN,43400,"CHOVI, SL",ZCG
0AM0365,CHOVI SALSA DE YOGUR 85CL,D131,0005,UN,43400,"CHOVI, SL",ZCG
0AM0366,CHOVI SALSA DE MIEL Y MOSTAZA 82CL,D131,0005,UN,43400,"CHOVI, SL",ZCG
0AM0368,SAL COSTA SAL CLASICA DE MESA 1 KG. 12U,D131,0005,CAJ,1211,SAL COSTA  S.L.U,ZCG
0AM0369,SAL COSTA SAL FINA DE MESA 5 KG.,D131,0005,UN,1211,SAL COSTA  S.L.U,ZCG
0AM0405,VALERIO GUINDILLAS EN VINAGRE 180 G.,D131,0005,UN,15570,"COMERGRUP, S.L.",ZCG
0AM0407,LEYENDA BROTES DE SOJA 370 ML.,D131,0005,UN,15570,"COMERGRUP, S.L.",ZCG
0AM0417,VALERIO ZANAHORIA RALLADA 370 ML.,D131,0005,UN,15570,"COMERGRUP, S.L.",ZCG
0AM0425,CHOVI SALSA BARBACOA 2KG,D131,0005,UN,43400,"CHOVI, SL",ZCG
0AM0451,GALLO HARINA DE TRIGO HORECA 5KG,D131,0005,UN,43440,"COMERCIAL GALLO, SA",ZCG
0AM0453,CERVANTES PIMIENTA NEGRA MOLIDA 200 G.,D131,0005,UN,43413,"ESPECIAS CERVANTES, SL",ZCG
0AM0459,CERVANTES PIMENTON DULCE 200 G.,D131,0005,UN,43413,"ESPECIAS CERVANTES, SL",ZCG
0AM0463,GALLO MACARRONES RALLADOS 3 KG.,D131,0005,UN,43440,"COMERCIAL GALLO, SA",ZCG
0AM0492,CHOVI SALSA CESAR 25CL,D131,0005,UN,43400,"CHOVI, SL",ZCG
0AM0493,CHOVI SALSA DE MIEL Y MOSTAZA 25CL,D131,0005,UN,43400,"CHOVI, SL",ZCG
0AM0494,RANCHERA M XICO TOTOPOS (NACHOS) 1KG 4U,D131,0005,CAJ,15570,"COMERGRUP, S.L.",ZCG
0AM0501,CHOVI MOSTAZA AMARILLA 260G,D131,0005,UN,43400,"CHOVI, SL",ZCG
0AM0502,CHOVI SALSA BRAVA 265G,D131,0005,UN,43400,"CHOVI, SL",ZCG
0AM0504,CHOVI SALSA ALLIOLI AMB OU CAMPERO 25CL,D131,0005,UN,43400,"CHOVI, SL",ZCG
0AM0506,"REDONDO ALIÑO DE LA ABUELA 2,5 KG.",D131,0005,UN,43406,"ACEITUNAS REDONDO, SL",ZCG
0AM0509,BORNIER MOSTAZA ANTIGUA EN GRANO 210 G.,D131,0005,UN,15570,"COMERGRUP, S.L.",ZCG
0AM0533,RANCHERA M XICO SALSA GUACAMOLE 2 L.,D131,0005,UN,15570,"COMERGRUP, S.L.",ZCG
0AM0535,RANCHERA M XICO SALSA MEJICANA 2 L.,D131,0005,UN,15570,"COMERGRUP, S.L.",ZCG
0AM0539,GALLO LASAÑA DE HUEVO 320 PLACAS 4KG,D131,0005,UN,43440,"COMERCIAL GALLO, SA",ZCG
0AM0553,CHOVI SALSA BRAVA ESP PATATAS 1 KG,D131,0005,UN,43400,"CHOVI, SL",ZCG
0AM0565,"ORLANDO SALSA PIZZA 2,1 KG.",D131,0005,UN,43409,"HJ HEINZ FOODS SPAIN, SLU",ZCG
0AM0567,UBAGO ATUN TRONCO ACEITE DE GIRASOL 1000,D131,0005,UN,15570,"COMERGRUP, S.L.",ZCG
0AM0580,KNORR CALDO PARA PAELLA 900G 144U,D131,0005,UN,34539,UNILEVER ESPAÑA SA,ZCG
0AM0587,SOUPEEX CALDO DE PESCADO DESHIDRATADO 1K,D131,0005,UN,43416,"PROMOLAC ESPAÑA, SA",ZCG
0AM0589,SOUPEEX CALDO DE POLLO DESHIDRATADO 1 KG,D131,0005,UN,43416,"PROMOLAC ESPAÑA, SA",ZCG
0AM0606,CERVANTES ESENCIA VAINILLA 60G,D131,0005,UN,43413,"ESPECIAS CERVANTES, SL",ZCG
0AM0633,"PEPUS ACEITUNAS OLIVAS 0,28KG 15U",D131,0005,CAJ,13667,ESPINALER 1896 SL,ZCG
0AM0642,PEPUS BERBERECHO NATURAL MEDIANO,D131,0005,UN,13667,ESPINALER 1896 SL,ZCG
0AM0644,PEPUS MEJILLONES ESCABECHE GRANDE,D131,0005,UN,13667,ESPINALER 1896 SL,ZCG
0AM0649,PATATA TOT SNACK C/SAL 4UX500G,D131,0005,CAJ,43457,"TOT SNACK, SL",ZCG
0AM0661,CERVANTES PIMENTON AHUMADO LA VERA 200G,D131,0005,UN,43413,"ESPECIAS CERVANTES, SL",ZCG
0AM0696,HELLMANN.S MAHONESA  5L,D131,0005,UN,34539,UNILEVER ESPAÑA SA,ZCG
0AM0698,RIFACLI CREP CACAO 1125G,D131,0005,UN,15570,"COMERGRUP, S.L.",ZCG
0AM0699,LA COCHURA GARBANZO CASTELLA 5KG,D131,0005,UN,43410,"LEGUMBRES LA COCHURA, SA",ZCG
0AM0700,NUTELLA 825 G,D131,0005,UN,15570,"COMERGRUP, S.L.",ZCG
0AM0702,SALSA ROMESCO FERRER POT 660G,D131,0005,UN,15570,"COMERGRUP, S.L.",ZCG
0AM0704,CARRETILLA ENSALADILLA RUSA 2KG 2U,D131,0005,CAJ,43451,"INDUSTRIAS ALIMENTARIAS DE NAVARRA,",ZCG
0AM0705,CARRETILLA ALBONDIGAS C/TOMATE 2KG 2U,D131,0005,CAJ,43451,"INDUSTRIAS ALIMENTARIAS DE NAVARRA,",ZCG
0AM0706,"CARRETILLA MACARRONES BOLOÑESA 1,8KG 2U",D131,0005,CAJ,43451,"INDUSTRIAS ALIMENTARIAS DE NAVARRA,",ZCG
0AM0710,"CARRETILLA CHAMPIÑONES Y AJOS 1,80KG 2U",D131,0005,CAJ,43451,"INDUSTRIAS ALIMENTARIAS DE NAVARRA,",ZCG
0AM0724,ITAC COCTEL TAPEO FRUTOS SECOS 800G,D131,0005,UN,43428,"ITAC HISPANIA, SA",ZCG
0AM0736,KNORR ROUX OSCURO 1KG,D131,0005,UN,34539,UNILEVER ESPAÑA SA,ZCG
0AM0738,GALLO PLUMAS Nº3 HOSTE. 3KG,D131,0005,UN,43440,"COMERCIAL GALLO, SA",ZCG
0AM0780,NOVOLIVA ACEITE DE ORUJO 5 L.,D131,0005,BOT,43402,"SAGARRA-BASCOMPTE, SA",ZCG
0AM0782,"GIMAR MINI MAGDALENA 1,5KG CHOCOLAT",D131,0005,CAJ,44180,"PASTELERIA GIMAR, SL",ZCG
0AM0820,ESPINALER SALSA HOSTELERIA 2L GARRAFA,D131,0005,UN,13667,ESPINALER 1896 SL,ZCG
0AM0831,ESPINALER MEJILLONES ESCABECHE 14/16,D131,0005,UN,13667,ESPINALER 1896 SL,ZCG
0AM0844,PAYPAY SARDINA ESCABECHE RR125,D131,0005,UN,43421,"CONSERVAS CERQUEIRA, SA",ZCG
0AM0860,AVECREM CALDO PESCADO S/GLUTEN 1KG,D131,0005,UN,33728,GALLINA BLANCA S.A,ZCG
0AM0870,PONS VINAGRE MANZANA 50CL,D131,0005,UN,43401,"GRUP PONS SINCE 1945, SL",ZCG
0AM0874,DIETILINEA EDULCORANTE    100U,D131,0005,UN,15570,"COMERGRUP, S.L.",ZCG
0AM0875,DIETLINEA EDULCORANTE STEVIA,D131,0005,CAJ,15570,"COMERGRUP, S.L.",ZCG
0AM0876,AZUCAR MORENO CEPAC 6G 500U,D131,0005,CAJ,15570,"COMERGRUP, S.L.",ZCG
0AM0884,"CARRETILLA CARRILLADA 1,9  2U",D131,0005,CAJ,43451,"INDUSTRIAS ALIMENTARIAS DE NAVARRA,",ZCG
0AM0930,CARRETILLA RABO TORO 2KG 2U,D131,0005,CAJ,43451,"INDUSTRIAS ALIMENTARIAS DE NAVARRA,",ZCG
0AM0940,TOT SNACK VEGECHIP MIX 600GR,D131,0005,UN,43457,"TOT SNACK, SL",ZCG
0AM0946,AVECREM CALDO VERDURA S/GLUTEN 1KG,D131,0005,UN,33728,GALLINA BLANCA S.A,ZCG
0AM0960,AZUCARERA AZUCAR SACO 5KG,D131,0005,UN,26647,AB AZUCARERA IBERIA S.L.U,ZCG
0AM0964,AZUCARERA AZUCAR MORENO BRIC 750G,D131,0005,UN,26647,AB AZUCARERA IBERIA S.L.U,ZCG
0AM0986,MAIZENA EXPRES CLARA 1KG,D131,0005,UN,34539,UNILEVER ESPAÑA SA,ZCG
0AM0989,CHOVI SALSA CESAR 2L,D131,0005,CAJ,43400,"CHOVI, SL",ZCG
0AM0991,CHOVI SALSA PICANTE LOUISIANA 110G,D131,0005,CAJ,43400,"CHOVI, SL",ZCG
0AM1001,FEMUA VINAGRE DE SIDRA NATURAL 75 CL.,D131,0005,UN,43403,"VINAGRERIAS RIOJANAS, SA",ZCG
0AM5389,PROEZA MAIZ DULCE EN GRANO LATA 3KG,D131,0005,UN,30672,DDI PROVEA S.L (CENTRAL),ZCG
0CF0039,POMPADOUR TE INFUSION 100U,D131,0005,UN,35208,"POMPADOUR IBERICA,S.A.",ZCG
0CF0042,POMPADOUR TE VERDE 100U,D131,0005,UN,35208,"POMPADOUR IBERICA,S.A.",ZCG
0CF0045,POMPADOUR TILA INFUSION 100 U,D131,0005,UN,35208,"POMPADOUR IBERICA,S.A.",ZCG
0CF1123,MOMENT TEA TE MATCHA LATTE 10UN,D131,0005,CAJ,3834,"NESTLE ESPAÑA, S.A.",ZCG
0LI0002,LA GUITA MANZANILLA 75CL,D131,0005,BOT,37127,"JOSE ESTEVEZ, S.A.",ZCG
0LI0004,RATAFIA RUSSET LIRO B.IN BOX3L,D131,0005,UN,15570,"COMERGRUP, S.L.",ZCG
0LI0008,MOSKOVSKAYA VODKA 70CL,D131,0005,BOT,35883,IMPORTACIONES Y EXPORTACIONES VARMA,ZCG
0LI0010,SMIRNOFF VODKA 70CL,D131,0005,BOT,35519,"DIAGEO ESPAÑA, S.A.",ZCG
0LI0011,ABSOLUT VODKA 70CL,D131,0005,BOT,36777,"PERNOD RICARD ESPAÑA, SA",ZCG
0LI0013,BEEFEATER GIN 70CL,D131,0005,BOT,36777,"PERNOD RICARD ESPAÑA, SA",ZCG
0LI0016,LARIOS GIN 1L,D131,0005,BOT,42098,"BEAM SUNTORY ESPAÑA BEVERAGES, S.L.",ZCG
0LI0018,BOMBAY SAPPHIRE GIN LONDON DRY 70CL,D131,0005,BOT,35204,"BACARDI ESPAÑA,S.A.",ZCG
0LI0030,ZOCO PACHARAN 1L,D131,0005,BOT,36778,ZAMORA COMPANY ESPAÑA SL,ZCG
0LI0031,ETXEKO PACHARAN 1L,D131,0005,BOT,35520,DESTILERIAS LA NAVARRA SA,ZCG
0LI0032,PORTHOS CAZALLA 1L,D131,0005,BOT,15570,"COMERGRUP, S.L.",ZCG
0LI0033,MARTINI BIANCO VERMOUTH 1L,D131,0005,BOT,35204,"BACARDI ESPAÑA,S.A.",ZCG
0LI0034,MARTINI ROSSO VERMOUTH 1L,D131,0005,BOT,35204,"BACARDI ESPAÑA,S.A.",ZCG
0LI0039,FERNET BRANCA 70CL,D131,0005,BOT,43444,"GLOBAL PREMIUM BRANDS, SA",ZCG
0LI0044,MAGNO BRANDY 70CL,D131,0005,BOT,37901,GRUPO OSBORNE SA,ZCG
0LI0045,SOBERANO BRANDY 1L,D131,0005,BOT,37129,GONZALEZ BYASS DISTRIBUCION S.L.,ZCG
0LI0046,VETERANO BRANDY 1L,D131,0005,BOT,37901,GRUPO OSBORNE SA,ZCG
0LI0047,TERRY BRANDY CENTENARIO 1L,D131,0005,BOT,35883,IMPORTACIONES Y EXPORTACIONES VARMA,ZCG
0LI0049,103 BRANDY ETI.BLANCOS 70CL,D131,0005,BOT,37901,GRUPO OSBORNE SA,ZCG
0LI0050,CARLOS III BRANDY 70CL,D131,0005,BOT,37901,GRUPO OSBORNE SA,ZCG
0LI0051,CARLOS I BRANDY 70CL,D131,0005,BOT,37901,GRUPO OSBORNE SA,ZCG
0LI0052,MASCARO BRANDY V.O. 70CL,D131,0005,BOT,15570,"COMERGRUP, S.L.",ZCG
0LI0053,TORRES 5 BRANDY 70CL,D131,0005,BOT,16190,MIGUEL TORRES S.A.,ZCG
0LI0054,TORRES 10 BRANDY 70CL,D131,0005,BOT,16190,MIGUEL TORRES S.A.,ZCG
0LI0055,GRAN DUQUE ALBA BRANDY 75CL,D131,0005,BOT,37028,"BODEGAS WILLIAMS & HUMBERT, S.A.",ZCG
0LI0061,BACARDI RON CARTA BLANCA 1L,D131,0005,BOT,35204,"BACARDI ESPAÑA,S.A.",ZCG
0LI0062,PUJOL RON 1L,D131,0005,BOT,37071,"BARDINET, S.L.",ZCG
0LI0063,CACIQUE RON AÑEJO 70CL,D131,0005,BOT,35519,"DIAGEO ESPAÑA, S.A.",ZCG
0LI0064,HAVANA CLUB RON 3 AÑOS 70CL,D131,0005,BOT,36777,"PERNOD RICARD ESPAÑA, SA",ZCG
0LI0066,HAVANA CLUB RON 7 AÑOS 70CL,D131,0005,BOT,36777,"PERNOD RICARD ESPAÑA, SA",ZCG
0LI0068,NEGRITA RON 70CL,D131,0005,BOT,37071,"BARDINET, S.L.",ZCG
0LI0070,BARCELO RON 70CL,D131,0005,BOT,35883,IMPORTACIONES Y EXPORTACIONES VARMA,ZCG
0LI0073,FRANGELICO LICOR AVELLANA 70CL,D131,0005,BOT,37039,"CAMPARI ESPAÑA, S.L.",ZCG
0LI0075,RIVES LIMA  1L,D131,0005,BOT,41687,RIVES DISTILLERY COMERCIAL S.A.,ZCG
0LI0079,RIVES LICOR MORA SIN ALCOHOL,D131,0005,BOT,41687,RIVES DISTILLERY COMERCIAL S.A.,ZCG
0LI0081,MARTIN MILLER'S GIN 70CL,D131,0005,BOT,36778,ZAMORA COMPANY ESPAÑA SL,ZCG
0LI0084,COINTREAU 70CL,D131,0005,BOT,35883,IMPORTACIONES Y EXPORTACIONES VARMA,ZCG
0LI0085,LICOR 43 1L,D131,0005,BOT,36778,ZAMORA COMPANY ESPAÑA SL,ZCG
0LI0086,GRANPOMIER LICOR 70CL,D131,0005,BOT,37129,GONZALEZ BYASS DISTRIBUCION S.L.,ZCG
0LI0087,GRANPECHER LICOR DE MELOCOTON 70CL,D131,0005,BOT,37129,GONZALEZ BYASS DISTRIBUCION S.L.,ZCG
0LI0088,MALIBU LICOR DE RON DE COCO 70CL,D131,0005,BOT,36777,"PERNOD RICARD ESPAÑA, SA",ZCG
0LI0089,PONCHE CABALLERO LICOR 1L,D131,0005,BOT,36779,LUIS CABALLERO COMERCIAL Y DISTRIBU,ZCG
0LI0090,BONET ESTOMACAL 70CL,D131,0005,BOT,37071,"BARDINET, S.L.",ZCG
0LI0095,CALISAY 70CL,D131,0005,BOT,8461,"BENJAMIN MARIN GARRE, S.L.",ZCG
0LI0096,TRIPLE SEC PERNOD RICARD 70CL,D131,0005,BOT,36777,"PERNOD RICARD ESPAÑA, SA",ZCG
0LI0100,J&B WHISKY RARE 70CL,D131,0005,BOT,35519,"DIAGEO ESPAÑA, S.A.",ZCG
0LI0101,BALLANTINE'S WHISKY 70CL,D131,0005,BOT,36777,"PERNOD RICARD ESPAÑA, SA",ZCG
0LI0102,CUTTY SARK WHISKY 70CL,D131,0005,BOT,37071,"BARDINET, S.L.",ZCG
0LI0104,DEWAR'S WHITE LABEL WHISKY 70CL,D131,0005,BOT,35204,"BACARDI ESPAÑA,S.A.",ZCG
0LI0105,WILLIAM LAWSONS WHISKY  70CL,D131,0005,BOT,37901,GRUPO OSBORNE SA,ZCG
0LI0106,THE FAMOUS GROUSE WHISKY 70CL,D131,0005,BOT,35883,IMPORTACIONES Y EXPORTACIONES VARMA,ZCG
0LI0109,JOHNNIE WALKER RED WHISKY 70CL,D131,0005,BOT,35519,"DIAGEO ESPAÑA, S.A.",ZCG
0LI0110,CHIVAS REGAL 12 AÑOS WHISKY 70CL,D131,0005,BOT,36777,"PERNOD RICARD ESPAÑA, SA",ZCG
0LI0111,JOHNNIE WALKER BLACK WHISKY 70CL,D131,0005,BOT,35519,"DIAGEO ESPAÑA, S.A.",ZCG
0LI0112,FOUR ROSES BOURBON 70CL,D131,0005,BOT,36777,"PERNOD RICARD ESPAÑA, SA",ZCG
0LI0113,JACK DANIELS WHISKY 70CL,D131,0005,BOT,43458,"BROWN-FORMAN, SL",ZCG
0LI0114,JIM BEAM BOURBON 70CL,D131,0005,BOT,42098,"BEAM SUNTORY ESPAÑA BEVERAGES, S.L.",ZCG
0LI0116,CARDHU WHISKY 12 AÑOS 70CL,D131,0005,BOT,35519,"DIAGEO ESPAÑA, S.A.",ZCG
0LI0117,GLENFIDDICH 12 AÑOS WHISKY 70CL,D131,0005,BOT,35883,IMPORTACIONES Y EXPORTACIONES VARMA,ZCG
0LI0121,KNOCKANDO 12 AÑOS WHISKY,D131,0005,BOT,35519,"DIAGEO ESPAÑA, S.A.",ZCG
0LI0124,JAMESON WHISKY 70CL,D131,0005,BOT,36777,"PERNOD RICARD ESPAÑA, SA",ZCG
0LI0126,WHISKY DYC 70CL,D131,0005,BOT,42098,"BEAM SUNTORY ESPAÑA BEVERAGES, S.L.",ZCG
0LI0128,BAILEYS ORIGINAL CREMA WHISKY 70CL,D131,0005,BOT,35519,"DIAGEO ESPAÑA, S.A.",ZCG
0LI0133,TANQUERAY GIN 70CL,D131,0005,BOT,35519,"DIAGEO ESPAÑA, S.A.",ZCG
0LI0137,YACHTING WHISKY PEACHE 70CL,D131,0005,BOT,37071,"BARDINET, S.L.",ZCG
0LI0138,BAILEYS ORIGINAL 1L,D131,0005,BOT,35519,"DIAGEO ESPAÑA, S.A.",ZCG
0LI0139,BRANDY 1866 GRAN RESERVA 70CL,D131,0005,BOT,37901,GRUPO OSBORNE SA,ZCG
0LI0141,MARIE BRIZARD ANIS 1L,D131,0005,BOT,37071,"BARDINET, S.L.",ZCG
0LI0143,PIPPERMINT GET27 70CL,D131,0005,BOT,35204,"BACARDI ESPAÑA,S.A.",ZCG
0LI0144,SMIRNOFF VODKA RED 1L,D131,0005,BOT,35519,"DIAGEO ESPAÑA, S.A.",ZCG
0LI0145,BRUGAL RON AÑEJO 70CL,D131,0005,BOT,42098,"BEAM SUNTORY ESPAÑA BEVERAGES, S.L.",ZCG
0LI0147,LICOR MELOCOTON ICA S.ALCOHOL RIVES,D131,0005,BOT,41687,RIVES DISTILLERY COMERCIAL S.A.,ZCG
0LI0148,RIVES LICOR MANZANA SIN 70CL,D131,0005,BOT,41687,RIVES DISTILLERY COMERCIAL S.A.,ZCG
0LI0149,XANTIAMEN OSBORNE ORUJO BLANCO 70CL,D131,0005,BOT,37901,GRUPO OSBORNE SA,ZCG
0LI0150,XANTIAMEN OSBORNE ORUJO HIERBAS 70CL 1U,D131,0005,BOT,37901,GRUPO OSBORNE SA,ZCG
0LI0151,ERISTOFF BLACK VODKA,D131,0005,BOT,35204,"BACARDI ESPAÑA,S.A.",ZCG
0LI0152,RUAVIEJA LICOR DE CAFE 70CL,D131,0005,BOT,36777,"PERNOD RICARD ESPAÑA, SA",ZCG
0LI0153,RUAVIEJA ORUJO HIERBAS 70CL,D131,0005,BOT,36777,"PERNOD RICARD ESPAÑA, SA",ZCG
0LI0159,DYC WHISKY 8 AÑOS 70CL,D131,0005,BOT,42098,"BEAM SUNTORY ESPAÑA BEVERAGES, S.L.",ZCG
0LI0163,LAGAVULIN WHISKY16A 43º 70CL,D131,0005,BOT,35519,"DIAGEO ESPAÑA, S.A.",ZCG
0LI0172,SEAGRAM'S GIN  EXTRA DRY 70CL,D131,0005,BOT,36777,"PERNOD RICARD ESPAÑA, SA",ZCG
0LI0181,RUAVIEJA BLANCO AGUARDIENTE ORUJO 70CL,D131,0005,BOT,36777,"PERNOD RICARD ESPAÑA, SA",ZCG
0LI0182,JOSE CUERVO TEQUILA SILVER 38º 70CL,D131,0005,BOT,36778,ZAMORA COMPANY ESPAÑA SL,ZCG
0LI0185,RATAFIA RUSSET 70CL,D131,0005,BOT,15570,"COMERGRUP, S.L.",ZCG
0LI0197,RIVES GRANADINA 1L,D131,0005,BOT,41687,RIVES DISTILLERY COMERCIAL S.A.,ZCG
0LI0204,J&B RARE WHISKY 1L,D131,0005,BOT,35519,"DIAGEO ESPAÑA, S.A.",ZCG
0LI0220,LEGENDARIO RON ELIXIR 7 AÑOS 70CL,D131,0005,BOT,44837,"LEGENDARIO, SL",ZCG
0LI0224,BALLANTINE'S WHISKY 1L,D131,0005,BOT,36777,"PERNOD RICARD ESPAÑA, SA",ZCG
0LI0227,RIVES GROSELLA TROPIC 1L,D131,0005,BOT,41687,RIVES DISTILLERY COMERCIAL S.A.,ZCG
0LI0230,MACHAQUITO ANIS SECO 1L,D131,0005,BOT,42098,"BEAM SUNTORY ESPAÑA BEVERAGES, S.L.",ZCG
0LI0239,SANTA TERESA RON AÑEJO GRAN RESERVA 70CL,D131,0005,BOT,35204,"BACARDI ESPAÑA,S.A.",ZCG
0LI0240,XANTIAMENT LIMONCELLO 70CL 1U,D131,0005,BOT,37901,GRUPO OSBORNE SA,ZCG
0LI0241,XANTIAMEN CREMA ORUJO 70CL,D131,0005,BOT,37901,GRUPO OSBORNE SA,ZCG
0LI0247,ANIS DEL MONO DULCE 70CL,D131,0005,BOT,37901,GRUPO OSBORNE SA,ZCG
0LI0248,BEEFEATER GIN 1L,D131,0005,BOT,36777,"PERNOD RICARD ESPAÑA, SA",ZCG
0LI0249,CUTTY SARK WHISKY  1L,D131,0005,BOT,37071,"BARDINET, S.L.",ZCG
0LI0259,JIMADOR TEQUILA REPOSADO 75CL,D131,0005,BOT,43458,"BROWN-FORMAN, SL",ZCG
0LI0264,RUAVIEJA CREMA ORUJO 70CL 17º,D131,0005,BOT,36777,"PERNOD RICARD ESPAÑA, SA",ZCG
0LI0266,CITADELLE GIN 70CL,D131,0005,BOT,42099,"ANTONIO MARTINEZ BARBA, S.L.",ZCG
0LI0267,BULLDOG GIN 70CL,D131,0005,BOT,37039,"CAMPARI ESPAÑA, S.L.",ZCG
0LI0268,G VINE FLORAISON GIN 70CL,D131,0005,BOT,43444,"GLOBAL PREMIUM BRANDS, SA",ZCG
0LI0270,JAGERMEISTER LICOR HIERBAS 70CL,D131,0005,BOT,15570,"COMERGRUP, S.L.",ZCG
0LI0284,GIN MARE MEDITERRANEAN 70CL,D131,0005,BOT,43444,"GLOBAL PREMIUM BRANDS, SA",ZCG
0LI0295,GRAN MARNIER ROJO 70CL,D131,0005,BOT,35519,"DIAGEO ESPAÑA, S.A.",ZCG
0LI0296,CALVADOS PERE MAGLOIRE 70CL,D131,0005,BOT,15570,"COMERGRUP, S.L.",ZCG
0LI0314,LICOR CREMA DE ARROZ 70CL,D131,0005,BOT,29056,NOMEN FOODS SL,ZCG
0LI0333,MATUSALEM AÑEJO 70CL,D131,0005,BOT,36778,ZAMORA COMPANY ESPAÑA SL,ZCG
0LI0346,PUERTO DE INDIAS STRAWBERRY GIN 70CL,D131,0005,BOT,37125,"KARMO SPIRIT, S.L.U.",ZCG
0LI0362,GIRO GIN 70CL,D131,0005,BOT,37071,"BARDINET, S.L.",ZCG
0LI0372,VILLA MASSA LIMONCELLO 70CL,D131,0005,BOT,36778,ZAMORA COMPANY ESPAÑA SL,ZCG
0LI0381,NORDES GIN 70CL,D131,0005,BOT,37901,GRUPO OSBORNE SA,ZCG
0LI0393,TRIPLE SEC 3L DOS CRUCEIROS,D131,0005,UN,15570,"COMERGRUP, S.L.",ZCG
0LI0397,J&B WHISKY 3 BOT + 6 VASOS,D131,0005,CAJ,35519,"DIAGEO ESPAÑA, S.A.",ZCG
0LI0400,OLMECA TEQUILA CHOCOLATE 70CL,D131,0005,UN,36777,"PERNOD RICARD ESPAÑA, SA",ZCG
0LI0431,FIREBALL 70CL (r) 1U,D131,0005,BOT,35883,IMPORTACIONES Y EXPORTACIONES VARMA,ZCG
0LI0452,MACALLAN 12 A.DOBLE CASK 70CL,D131,0005,BOT,42098,"BEAM SUNTORY ESPAÑA BEVERAGES, S.L.",ZCG
0LI0453,TANQUERAY 1L,D131,0005,BOT,35519,"DIAGEO ESPAÑA, S.A.",ZCG
0LI0560,APEROL BARBIERI 1L,D131,0005,BOT,37039,"CAMPARI ESPAÑA, S.L.",ZCG
0LI0561,CAMPARI 70CL,D131,0005,BOT,37039,"CAMPARI ESPAÑA, S.L.",ZCG
0LI0564,ROKU GIN JAPONESA 70CL,D131,0005,BOT,42098,"BEAM SUNTORY ESPAÑA BEVERAGES, S.L.",ZCG
0LI0572,FLOR DE CAÑA 5 AÑOS 70CL,D131,0005,BOT,37901,GRUPO OSBORNE SA,ZCG
0LI2694,P-BEEFEATER 70CL,D131,0005,UN,15570,"COMERGRUP, S.L.",ZCG
0LM0007,SERVILLETA 40X40 BURDEOS 100UTKO,D131,0005,UN,34351,GOMA CAMPS SAU,ZCG
0LM0010,GC SERVILLETAS 2C 40x40 100U,D131,0005,UN,34351,GOMA CAMPS SAU,ZCG
0LM0011,GC SERVILLETAS 2C 30x30 100U,D131,0005,UN,34351,GOMA CAMPS SAU,ZCG
0LM0020,PAPEL HIGIENICO NORMAL 2C 12U,D131,0005,UN,34351,GOMA CAMPS SAU,ZCG
0LM0024,GC BOBINA SECAMANOS  2C 180M 6U,D131,0005,CAJ,34351,GOMA CAMPS SAU,ZCG
0LM0030,KH 7 DESENGRASANTE  5L,D131,0005,UN,43439,"KH LLOREDA, SA",ZCG
0LM0031,KH DESIC PROF FREGASUELOS  5L.,D131,0005,UN,43439,"KH LLOREDA, SA",ZCG
0LM0035,SANT MATEU SALFUMAN  1 L 15U,D131,0005,CAJ,43418,"BEST PLASTIC ECOPACKAGING, SL",ZCG
0LM0038,FLOQUET LEJIA 5L  3U,D131,0005,CAJ,15570,"COMERGRUP, S.L.",ZCG
0LM0040,SANT MATEU AGUA DESTILADA 5L 3 U,D131,0005,CAJ,15570,"COMERGRUP, S.L.",ZCG
0LM0042,LEJIA+DETERG L'ESPURNA 5L 3U,D131,0005,CAJ,15570,"COMERGRUP, S.L.",ZCG
0LM0044,FLOR SUAVIZANTE PROF 10KG,D131,0005,UN,15570,"COMERGRUP, S.L.",ZCG
0LM0051,SAL GRANO 2Kg DESCALCIFICADORA 10U,D131,0005,CAJ,43418,"BEST PLASTIC ECOPACKAGING, SL",ZCG
0LM0052,SAL GARCIA SAL RENTAV.PASTILLA 2KG 10U,D131,0005,CAJ,5114,"FRANCISCO GARCIA EL RISOS, S.L",ZCG
0LM0053,SAL GRUESA 25 Kg DESCALCIFICADOR,D131,0005,UN,43418,"BEST PLASTIC ECOPACKAGING, SL",ZCG
0LM0054,SAL GARCIA SAL PASTILLA 25KG. DESCALSIF.,D131,0005,UN,5114,"FRANCISCO GARCIA EL RISOS, S.L",ZCG
0LM0068,BOLSA VILEDA AUTOTA. 55x60 30U,D131,0005,UN,15570,"COMERGRUP, S.L.",ZCG
0LM0070,SCOTCH BRITE ESTROPAJO VERDE ROLLO 6M,D131,0005,UN,13419,"TECNOPACKING, S.L.",ZCG
0LM0075,GAMUZA AMARILLA  MULTIUS 4M,D131,0005,UN,15570,"COMERGRUP, S.L.",ZCG
0LM0079,VILEDA CEPILLO MANTENIMIENTO,D131,0005,UN,15570,"COMERGRUP, S.L.",ZCG
0LM0087,MINI SECAMANOS GC 2C 6 UNIDADES,D131,0005,CAJ,34351,GOMA CAMPS SAU,ZCG
0LM0091,TOALLA SECAMANOS 2C 20/230U,D131,0005,CAJ,34351,GOMA CAMPS SAU,ZCG
0LM0092,DON PALILLO PALILLOS ENV.1000,D131,0005,UN,43417,"BADAREGAL, SA",ZCG
0LM0099,BALNIC LAVAVAJILLAS MAQ. AGUAS DURAS 6KG,D131,0005,UN,30672,DDI PROVEA S.L (CENTRAL),ZCG
0LM0100,BALNIC ABRILLANTADOR LAVAVAJILLAS AUTO5K,D131,0005,UN,30672,DDI PROVEA S.L (CENTRAL),ZCG
0LM0102,BALNIC DESENGRASANTE 5KG,D131,0005,UN,30672,DDI PROVEA S.L (CENTRAL),ZCG
0LM0104,BALNIC LIMPIACRISTALES MULTIUSOS 5LT,D131,0005,UN,30672,DDI PROVEA S.L (CENTRAL),ZCG
0LM0105,BALNIC LAVAVAJILLAS AGUA SEMI 6KG,D131,0005,UN,30672,DDI PROVEA S.L (CENTRAL),ZCG
0LM0106,BALNIC DETERGENTE AMONIACO 5KG,D131,0005,UN,30672,DDI PROVEA S.L (CENTRAL),ZCG
0LM0109,BALNIC LEJIA CON DETERGENTE 5KG,D131,0005,UN,30672,DDI PROVEA S.L (CENTRAL),ZCG
0LM0110,BALNIC DESINCRUSTANTE  LAVAVAJILLAS 6KG,D131,0005,UN,30672,DDI PROVEA S.L (CENTRAL),ZCG
0LM0113,AMBIENTADOR MOJITO AIR 1L.,D131,0005,UN,34339,Proeco QuÍ­micas sl,ZCG
0LM0114,BALNIC DESENGR.PLANCHAS HORNO 6KG,D131,0005,UN,30672,DDI PROVEA S.L (CENTRAL),ZCG
0LM0115,BALNIC DESINCRUSTANTE ANTICAL 1L,D131,0005,UN,30672,DDI PROVEA S.L (CENTRAL),ZCG
0LM0116,PLA FREGONA ALGODON,D131,0005,UN,15570,"COMERGRUP, S.L.",ZCG
0LM0117,PALO FREGONA/CEPILLO HOSTELERIA,D131,0005,UN,15570,"COMERGRUP, S.L.",ZCG
0LM0118,MAYA CEPILLO ESCOBA BAJO COSTE,D131,0005,UN,15570,"COMERGRUP, S.L.",ZCG
0LM0121,SERV. 2C KIWI P&P 40x40 100U,D131,0005,CAJ,34351,GOMA CAMPS SAU,ZCG
0LM0124,GC SERVILLETA 40x40 NEGR.100U TOKYO,D131,0005,CAJ,34351,GOMA CAMPS SAU,ZCG
0LM0125,SERV. 2C. KANGURO NARANJA P&P 40x40 100U,D131,0005,UN,34351,GOMA CAMPS SAU,ZCG
0LM0131,"DPALILLO PINCHO PALILLO BAMBU10,5CM 200U",D131,0005,UN,43417,"BADAREGAL, SA",ZCG
0LM0133,PLA ESTROPAJO ACERO INOX.  40GR 12U,D131,0005,CAJ,15570,"COMERGRUP, S.L.",ZCG
0LM0135,BAYETA AMARILLA A 20 PLANA ROLLO,D131,0005,UN,15570,"COMERGRUP, S.L.",ZCG
0LM0137,PLA PAÑO VAJILLA AZUL PACK 12U,D131,0005,UN,15570,"COMERGRUP, S.L.",ZCG
0LM0140,PLA RECOGEDOR ESCOBA PALO+GOMA,D131,0005,UN,44821,"COSAMO PACKAGING, SLU",ZCG
0LM0154,COPA AGUA PRINCESA 23CL 6U,D131,0005,CAJ,24325,"ADI HOGAR Y HOSTELERÍA IBERIA, S.L.",ZCG
0LM0157,ARCOROC VASO CORTADO 11CL 12U,D131,0005,CAJ,24325,"ADI HOGAR Y HOSTELERÍA IBERIA, S.L.",ZCG
0LM0166,GC SERVILLETAS 1C KANGUR NEGRAS40x40 50U,D131,0005,UN,34351,GOMA CAMPS SAU,ZCG
0LM0181,TECNOPACKING BLOC DE NOTAS 10U HOST,D131,0005,UN,13419,"TECNOPACKING, S.L.",ZCG
0LM0184,SECAMANOS GC 2C.ADD AZUL 106M 6U,D131,0005,CAJ,34351,GOMA CAMPS SAU,ZCG
0LM0200,MACOPAL BANDEJA 3 CANELONES   100U,D131,0005,CAJ,40130,MACOPAL S.L.,ZCG
0LM0201,MACOPAL BANDEJA 6 CANELONES   100U,D131,0005,CAJ,40130,MACOPAL S.L.,ZCG
0LM0202,MACOPAL BANDEJA 12 CANELONES   100U,D131,0005,CAJ,40130,MACOPAL S.L.,ZCG
0LM0203,MACOPAL TAPA BANDEJA 3 CANELONES   100U,D131,0005,CAJ,40130,MACOPAL S.L.,ZCG
0LM0204,MACOPAL TAPA BANDEJA 6 CANELONES   100U,D131,0005,CAJ,40130,MACOPAL S.L.,ZCG
0LM0205,MACOPACK TAPA BANDEJA 12 CANELONES 100U,D131,0005,CAJ,15570,"COMERGRUP, S.L.",ZCG
0LM0207,MANTELES 30x40 NEGRO RO.160,D131,0005,UN,34351,GOMA CAMPS SAU,ZCG
0LM0210,QUID CUCHARITA CAFE INOX HOTEL 12U,D131,0005,CAJ,24325,"ADI HOGAR Y HOSTELERÍA IBERIA, S.L.",ZCG
0LM0211,QUID CUCHARILLA INOX HOTEL 12U (POSTRES),D131,0005,CAJ,24325,"ADI HOGAR Y HOSTELERÍA IBERIA, S.L.",ZCG
0LM0213,QUID CUCHARA MESA INOX HOTEL 12U,D131,0005,CAJ,24325,"ADI HOGAR Y HOSTELERÍA IBERIA, S.L.",ZCG
0LM0214,QUID TENEDOR MESA INOX HOTEL 12U,D131,0005,CAJ,24325,"ADI HOGAR Y HOSTELERÍA IBERIA, S.L.",ZCG
0LM0218,GC SERVILLETAS 20x20 N.COCTEL2C.100,D131,0005,UN,34351,GOMA CAMPS SAU,ZCG
0LM0221,MANTEL 30x40 KIWI RO.160,D131,0005,UN,34351,GOMA CAMPS SAU,ZCG
0LM0238,COLON GEL BIDO 9KG,D131,0005,UN,15570,"COMERGRUP, S.L.",ZCG
0LM0258,BALNIC LIMPIADOR NEUTRO FLORAL 5KG,D131,0005,UN,30672,DDI PROVEA S.L (CENTRAL),ZCG
0LM0259,BALNIC LIMPIADOR BAÑOS 5KG,D131,0005,UN,30672,DDI PROVEA S.L (CENTRAL),ZCG
0LM0278,BALNIC BALNIC LIMPIACRISTALES 1LT,D131,0005,BOT,30672,DDI PROVEA S.L (CENTRAL),ZCG
0LM0281,SERV. 2C.ROJO P&P 40x40 100U,D131,0005,UN,34351,GOMA CAMPS SAU,ZCG
0LM0296,BALNIC DESENGRASANTE PROF 1L,D131,0005,UN,30672,DDI PROVEA S.L (CENTRAL),ZCG
0LM0316,VASO DE TUBO COMB 40CL 9U TMXC,D131,0005,CAJ,15570,"COMERGRUP, S.L.",ZCG
0LM0319,VASO CHUPITO 6CL 72U  TMXC,D131,0005,CAJ,15570,"COMERGRUP, S.L.",ZCG
0LM0334,KH 7 DESIC INSECT SUELOS 750ML,D131,0005,UN,43439,"KH LLOREDA, SA",ZCG
0LM0337,SERVILLETAS BOCADILLO 25X25 750U,D131,0005,PQ,43418,"BEST PLASTIC ECOPACKAGING, SL",ZCG
0LM0376,TECNOPACKING BOLSA KRAFT 14+7X24 1000U,D131,0005,CAJ,13419,"TECNOPACKING, S.L.",ZCG
0LM0378,TECNOPACKING BOLSA KRAFT 18+10X50 1000U,D131,0005,CAJ,13419,"TECNOPACKING, S.L.",ZCG
0LM0391,ARCOROC COPA COMBINADO ARC 62 CL 6U,D131,0005,CAJ,24325,"ADI HOGAR Y HOSTELERÍA IBERIA, S.L.",ZCG
0LM0396,SANTEX GUANTES VINILO AZUL TALLA P 100U,D131,0005,CAJ,43786,"SANTEX 2000 INTERNACIONAL, SL",ZCG
0LM0398,SANTEX GUANTES VINIL  AZUL TALLA G 100U,D131,0005,CAJ,43786,"SANTEX 2000 INTERNACIONAL, SL",ZCG
0LM0406,BALNIC  LIMPIADOR DE BAÑOS 1LT,D131,0005,BOT,30672,DDI PROVEA S.L (CENTRAL),ZCG
0LM0423,QUID TAZA TE ASA 25CL 3U Q.SUPR,D131,0005,PAK,24325,"ADI HOGAR Y HOSTELERÍA IBERIA, S.L.",ZCG
0LM0439,GC CELULOSA IND ECO 2C 2U,D131,0005,CAJ,34351,GOMA CAMPS SAU,ZCG
0LM0440,"PIEDRA HORNO 36,5X24 C/SOPORTE",D131,0005,CAJ,43418,"BEST PLASTIC ECOPACKAGING, SL",ZCG
0LM0452,LEJIA FLOQUET 1L 15U,D131,0005,CAJ,15570,"COMERGRUP, S.L.",ZCG
0LM0469,GC SERVILLT NATURE RECICL 1C 17X17 400U,D131,0005,CAJ,34351,GOMA CAMPS SAU,ZCG
0LM0470,DON PALILLO TENEDOR  1000U,D131,0005,CAJ,43417,"BADAREGAL, SA",ZCG
0LM0474,TECNOPACKING ESTROPAJO VERDE+ESPONJA 20U,D131,0005,PQ,13419,"TECNOPACKING, S.L.",ZCG
0LM0475,DON PALILLO BROCHETA 15CM  200X15U,D131,0005,CAJ,43417,"BADAREGAL, SA",ZCG
0LM0484,PALILLOS ENVASE REDONDO 25U,D131,0005,CAJ,43418,"BEST PLASTIC ECOPACKAGING, SL",ZCG
0LM0495,GC-NATURE SERVILL.2C RECICLDO 33x33 50U,D131,0005,UN,34351,GOMA CAMPS SAU,ZCG
0LM0504,GC SERVILLETA 1C 30x30 GC 100U,D131,0005,UN,34351,GOMA CAMPS SAU,ZCG
0LM0506,GC SECAMANOS NATURE 2C.106M 235X200 6U,D131,0005,CAJ,34351,GOMA CAMPS SAU,ZCG
0LM0540,BEST PLASTIC VASO TUBO VIDRIO 315cc 24U,D131,0005,CAJ,43418,"BEST PLASTIC ECOPACKAGING, SL",ZCG
0LM1164,TAPA PP PARA ENVASE RECTANGULAR KRAFT 50,D131,0005,CAJ,43447,"COMERCIAL GEMAVI IMPORT, SL",ZCG
0LM2488,COMBO VASO+TAPA NAT 7OZ 200CC 50U,D131,0005,PAK,15570,"COMERGRUP, S.L.",ZCG
0LT0013,ATO NATURA ENTERA BRIK 1L.6U,D131,0005,CAJ,15570,"COMERGRUP, S.L.",ZCG
0LT0014,ATO NATURA SEMI BRIK 1L.6U,D131,0005,CAJ,15570,"COMERGRUP, S.L.",ZCG
0LT0015,ATO NATURA DESNATADA 1L.BRIK 6U,D131,0005,CAJ,15570,"COMERGRUP, S.L.",ZCG
0LT0042,ATO SEMI SIN LACTOSA BRIK 1L 6U,D131,0005,CAJ,15570,"COMERGRUP, S.L.",ZCG
0LT0061,SOLAR LECHE ENTERA  1L BRIK 6U,D131,0005,CAJ,40089,GRUPO LECHE RIO S.A.,ZCG
0LT0073,ATO NATA ESPRAY 250G 1U,D131,0005,UN,15570,"COMERGRUP, S.L.",ZCG
0LT0074,CASTILLO NATA COCINA 1L BRIK,D131,0005,UN,30453,LACTALIS FOOD SERVICE IBERIA S.L,ZCG
0LT0078,ASTURIANA NATA MONTAR35% 1L BK,D131,0005,UN,36336,CORPORACION ALIMENTARIA PEÑASANTA S,ZCG
0RF0086,/-TRINA LIMON  LATA 24U,D131,0005,CAJ,33298,"SCHWEPPES, S.A.",ZCG
0VE0032,PROTOS CRIANZA D.O.RIBERA DEL DUERO 75CL,D131,0005,BOT,43435,"BODEGAS PROTOS, SL",ZCG
0VE0048,SEGURA VIUDAS ARIA BRUT NATURE 75CL 6U,D131,0005,CAJ,33786,CAVAS J.HILL SL,ZCG
0VE0075,CUNE RIOJA CRIANZA 75CL 1U,D131,0005,BOT,31774,(CVNE) Compañía Vinícola del Norte,ZCG
0VE0081,"CUNE 37,5CL CRIANZA 12U",D131,0005,CAJ,31774,(CVNE) Compañía Vinícola del Norte,ZCG
0VE0091,EL PRIOR MOSCATELL 75CL 1U,D131,0005,BOT,31184,ROQUETA ORIGEN SLU,ZCG
0VE0099,BANDEIRA OPORTO BAG IN BOX 3L,D131,0005,UN,37071,"BARDINET, S.L.",ZCG
0VE0120,MIA MOSCATO ROSADO 75CL 1U,D131,0005,BOT,32986,COMERCIAL GRUPO FREIXENET SA,ZCG
0VE0123,J.SALLA MOSCATELL 75CL 1U,D131,0005,BOT,35883,IMPORTACIONES Y EXPORTACIONES VARMA,ZCG
0VE0126,J.SALLA ALTARIS VINO DULCE 75CL,D131,0005,BOT,35883,IMPORTACIONES Y EXPORTACIONES VARMA,ZCG
0VE0411,ESPINALER VERMUT NEGRO 5L,D131,0005,UN,13667,ESPINALER 1896 SL,ZCG
0VE0412,BANDEIRA OPORTO  75CL 1U,D131,0005,BOT,37071,"BARDINET, S.L.",ZCG
0VE0420,PEDRO XIMENEZ REAL TESORO 75CL 1U,D131,0005,BOT,37901,GRUPO OSBORNE SA,ZCG
0VE0425,ZARRO VERMUT ESPEC.TABERNA 75c 1U,D131,0005,UN,37156,"BEBIDAS MAGERIT, S.L.",ZCG
0VE0426,ZARRO VERMUT ROJO ESP.5L,D131,0005,UN,37156,"BEBIDAS MAGERIT, S.L.",ZCG
0VE0428,YZAGUIRRE CLASSIC VERMOUTH BLANCO 1L 1U,D131,0005,BOT,35883,IMPORTACIONES Y EXPORTACIONES VARMA,ZCG
0VE0429,YZAGUIRRE RESERVA VERMOUTH ROJO 1L 1U,D131,0005,BOT,35883,IMPORTACIONES Y EXPORTACIONES VARMA,ZCG
0VE0430,YZAGUIRRE CLASSIC VERMOUTH ROJO 1L 1U,D131,0005,BOT,35883,IMPORTACIONES Y EXPORTACIONES VARMA,ZCG
0VE0434,MORILES COBOS BOX 15L,D131,0005,BOT,44824,"NAVISA INDVINICOLA ESPAÑOLA, SA",ZCG
0VE0437,ESPINALER VERMUT TINTO 75CL 1U,D131,0005,UN,13667,ESPINALER 1896 SL,ZCG
0VE0438,ESPINALER VERMUT BLANCO 75CL 1U,D131,0005,UN,13667,ESPINALER 1896 SL,ZCG
0VE2737,MARQUES DE CACERES TINTO CRIANZA 75CL 1U,D131,0005,UN,40023,UNION VITINICOLA S.A. MARQ. CACERES,ZCG
0ZU0009,GRANINI MELOCOTON 1L PET 6U,D131,0005,CAJ,1172,"ECKES GRANINI IBERICA, S.A.",ZCG
0ZU0010,GRANINI NARANJA 1L PET 6U,D131,0005,CAJ,1172,"ECKES GRANINI IBERICA, S.A.",ZCG
0ZU0013,GRANINI PIÑA 1L PET 6U,D131,0005,CAJ,1172,"ECKES GRANINI IBERICA, S.A.",ZCG
0ZU0016,GRANINI 100% MANZANA  1L PET 6U,D131,0005,CAJ,1172,"ECKES GRANINI IBERICA, S.A.",ZCG
0ZU0017,GRANINI COCTEL FRUTAS 20CL 24U,D131,0005,CAJ,1172,"ECKES GRANINI IBERICA, S.A.",ZCG
0ZU0018,GRANINI  ARANDANOS 20CL 24U,D131,0005,CAJ,1172,"ECKES GRANINI IBERICA, S.A.",ZCG
0ZU0022,GRANINI NARANJA ZANAHORIA ACE 20CL 24U,D131,0005,CAJ,1172,"ECKES GRANINI IBERICA, S.A.",ZCG
0ZU0023,GRANINI PERA  20CL 24U,D131,0005,CAJ,1172,"ECKES GRANINI IBERICA, S.A.",ZCG
0ZU0025,GRANINI TOMATE 20CL 24U,D131,0005,CAJ,1172,"ECKES GRANINI IBERICA, S.A.",ZCG
0ZU0026,GRANINI MANZANA  20CL 24U,D131,0005,CAJ,1172,"ECKES GRANINI IBERICA, S.A.",ZCG
0ZU0027,LAMBDA MELOCOTON SIN 20CL 24U,D131,0005,CAJ,30399,PREMIUM MIX GROUP S.L,ZCG
0ZU0028,LAMBDA NARANJA SIN 20CL 24U,D131,0005,CAJ,30399,PREMIUM MIX GROUP S.L,ZCG
0ZU0029,LAMBDA PIÑA  SIN 20CL 24U,D131,0005,CAJ,30399,PREMIUM MIX GROUP S.L,ZCG
0ZU0033,GRANINI ARANDANOS ROJOS 1L PET 6U,D131,0005,CAJ,1172,"ECKES GRANINI IBERICA, S.A.",ZCG
0ZU0047,PAGO NARANJA  20CL SR 24U,D131,0005,CAJ,1172,"ECKES GRANINI IBERICA, S.A.",ZCG
0ZU0048,PAGO PIÑA 20CL SR 24U,D131,0005,CAJ,1172,"ECKES GRANINI IBERICA, S.A.",ZCG
0ZU0049,PAGO MELOCOTON  20CL SR 24U,D131,0005,CAJ,1172,"ECKES GRANINI IBERICA, S.A.",ZCG
0ZU0050,PAGO NARANJA-ZANAH-LIMÓN  20CL SR 24U,D131,0005,CAJ,1172,"ECKES GRANINI IBERICA, S.A.",ZCG
0ZU0056,GRANINI MELOCOTON 33CL PET 12U,D131,0005,CAJ,1172,"ECKES GRANINI IBERICA, S.A.",ZCG
0ZU0065,GRANINI PIÑA 33CL PET 12U,D131,0005,CAJ,1172,"ECKES GRANINI IBERICA, S.A.",ZCG
0ZU0086,GRANINI NARANJA 20CL MINIBRIK 30U,D131,0005,CAJ,1172,"ECKES GRANINI IBERICA, S.A.",ZCG
0AG0003,FONT D.OR NATURAL 1L RET 12U,D131,0001,CAJ,30399,PREMIUM MIX GROUP S.L,AC08A3
0AG0004,FONT D.OR NATURAL 1/2 PET 24U,D131,0001,CAJ,30399,PREMIUM MIX GROUP S.L,EB10A1
0AG0005,FONT D.OR NATURAL 1/2 RET 20U,D131,0001,CAJ,30399,PREMIUM MIX GROUP S.L,AC08A2
0AG0006,FONT D.OR NATURAL 1/3 PET 35U,D131,0001,CAJ,30399,PREMIUM MIX GROUP S.L,EA01A2
0AG0007,"FONT D.OR NATURAL 1,5L PET 12U",D131,0001,CAJ,30399,PREMIUM MIX GROUP S.L,EB09A1
0AG0009,VICHY CATALAN GAS 1L SR 12U,D131,0001,CAJ,30399,PREMIUM MIX GROUP S.L,DB07A1
0AG0010,VICHY CATALAN GAS 1L RET 12U,D131,0001,CAJ,30399,PREMIUM MIX GROUP S.L,AC07A2
0AG0011,VICHY CATALAN GAS 1/2 RET 20U,D131,0001,CAJ,30399,PREMIUM MIX GROUP S.L,AC07A1
0AG0019,FONT D.OR MAXIMUM NATURAL 1/2 RET 20U,D131,0001,CAJ,30399,PREMIUM MIX GROUP S.L,AC08A1
0AG0021,FONT D.OR MAXIMUM NATURAL 1L RET 12U,D131,0001,CAJ,30399,PREMIUM MIX GROUP S.L,AC07A3
0AG0022,VICHY 1881 GAS 1/3 RET 20U,D131,0001,CAJ,30399,PREMIUM MIX GROUP S.L,BB04A3
0AG0026,VICHY CATALAN LIMON 1/3 LATA 24U,D131,0001,CAJ,30399,PREMIUM MIX GROUP S.L,ZCG
0AG0027,VICHY CATALAN GAS 1/3 LT SLEEK 24U,D131,0001,CAJ,30399,PREMIUM MIX GROUP S.L,CB05A3
0AG0039,"FONT D.OR NATURAL 1,5L PET 6U",D131,0001,CAJ,30399,PREMIUM MIX GROUP S.L,EB08A1
0AG0047,FONT D.OR NATURAL 8L GARRAFA 1U,D131,0001,CAJ,30399,PREMIUM MIX GROUP S.L,BC01A1
0AG0084,SAN PELLEGRINO GAS 1L PET 6U,D131,0001,CAJ,3834,"NESTLE ESPAÑA, S.A.",A0DISTRIDA
0AG0085,SAN PELLEGRINO GAS 1/2 PET 24U,D131,0001,CAJ,3834,"NESTLE ESPAÑA, S.A.",A0DISTRIDA
0AG0087,VICHY CATALAN 1881 GAS 1/3 SR 20U,D131,0001,CAJ,30399,PREMIUM MIX GROUP S.L,ZCG
0AG0090,FONT D.OR NATURAL 1/3 LATA 24U,D131,0001,CAJ,30399,PREMIUM MIX GROUP S.L,CB05A2
0AG0091,VICHY CATALAN 1881 GAS 3/4 SR 12U,D131,0001,CAJ,30399,PREMIUM MIX GROUP S.L,ZCG
0AG0092,MALAVELLA AGUA CON GAS 30CL RET 24U,D131,0001,CAJ,30399,PREMIUM MIX GROUP S.L,A0DISTRIDA
0AG0107,EUROACQUA NATURAL 8L GARRAFA 1U,D131,0001,UN,30399,PREMIUM MIX GROUP S.L,EA04A1
0AG0111,VICHY CATALAN PLUS LIMA LIMON 1/3 LT 24U,D131,,,,,ZCG
0AG0117,LES CREUS DIAMANT NATURAL 1L RET 12U,D131,,,,,ZCG
0AG0119,FONT D.OR NATURAL 5L PET 4U,D131,0001,CAJ,30399,PREMIUM MIX GROUP S.L,EA05A3
0AG0125,VICHY FRUIT PIÑA-COCO 1/2 PET 24U,D131,,,,,ZCG
0AG0181,FONT D.OR NATURAL 30CL RET 24U,D131,0001,CAJ,30399,PREMIUM MIX GROUP S.L,DA05A2
0AG0182,VICHY CATALAN SYSPACK GAS 30CL SR 24U,D131,0001,CAJ,30399,PREMIUM MIX GROUP S.L,DB06A2
0AG0183,VICHY CATALAN GAS 30CL RET 24U,D131,0001,CAJ,30399,PREMIUM MIX GROUP S.L,BA01A1
0AG0231,VICHY CATALAN 1/2 PET P6 4U,D131,,,,,ZCG
0AG0243,MALAVELLA GAS 1/2 RET 20U,D131,0001,CAJ,30399,PREMIUM MIX GROUP S.L,BA06A3
0AG0336,FONT D.OR BIBEX NATURAL 1/2 SR 24U,D131,0001,CAJ,30399,PREMIUM MIX GROUP S.L,EA01A3
0AG0391,MALAVELLA AGUA CON GAS 1/1 RET 12U,D131,0001,CAJ,30399,PREMIUM MIX GROUP S.L,BA06A2
0AG0429,VICHY CATALAN CUPRA LIME 1/3 LATA 24U,D131,,,,,ZCG
0AG0435,FONT DEL REGAS GARRAFA 8L 42 AZUL 2U,D131,0001,CAJ,30399,PREMIUM MIX GROUP S.L,BC05A2
0AG0454,VICHY CATALAN PINK POMELO 1/3 SLEEK 24U,D131,0001,CAJ,30399,PREMIUM MIX GROUP S.L,AA
0AM0166,"KIKKOMAN SALSA SOJA 1,9L",D131,0001,UN,15570,"COMERGRUP, S.L.",ZCG
0AM0254,KIKKOMAN SALSA SOJA 1L,D131,0001,UN,15570,"COMERGRUP, S.L.",ZCG
0AM0292,"BISCUITS GALICIA MINI MAGD CHOCO 1,5KG",D131,0001,CAJ,30463,"BISCUITS GALICIA, S.L.",FB05A2
0AM0421,"MILLAS ALIOLI CUBO 1,85L",D131,0001,UN,30456,"ACEITES MILLÀS, S.L.",FC04B3
0AM0484,CACAOLAT PASTELITOS P10,D131,0001,UN,17915,GRUPO CACAOLAT S.L.,AA0000
0AM0623,PONS VINAGRE BALSAMICO DE MODENA 5L,D131,0001,UN,43401,"GRUP PONS SINCE 1945, SL",ZCG
0AM0714,NUTELLA 3 KG,D131,0001,UN,15570,"COMERGRUP, S.L.",ZCG
0AM0789,CORTIZO ATUN RALLADO A.GIRASOL RO 800G,D131,0001,UN,43422,"CONSERVERA DE RIANXO, SA",ZCG
0AM0799,MILLAS MAYONESA SUPREME 5 KG.,D131,0001,UN,30456,"ACEITES MILLÀS, S.L.",FC04A3
0AM0955,"MILLAS SALSA BRAVA BOT PLASTICO 1,85 KG.",D131,0001,UN,30456,"ACEITES MILLÀS, S.L.",FC03B1
0AM0959,"MILLAS SALSA PAPAS BRAVA 1,85L",D131,0001,UN,30456,"ACEITES MILLÀS, S.L.",FC04B3
0AM0977,"MILLAS MAYONESA 1,85 KG.",D131,0001,UN,30456,"ACEITES MILLÀS, S.L.",FC04A2
0AM0987,CHOVI SALSA BARBACOA 12G SOBRES 252U,D131,0001,CAJ,43400,"CHOVI, SL",ZCG
0AM1010,CAMARA ARROZ EXTRA 1 KG.,D131,0001,UN,85,CAMARA ARROSSERA DEL MONTSIA I SECC,ZCG
0AM1011,LA COCHURA LENTEJA CAST. 1KG,D131,0001,UN,43410,"LEGUMBRES LA COCHURA, SA",ZCG
0AM1012,CHOVI MAYONESA CLAS. 5KG,D131,0001,UN,43400,"CHOVI, SL",ZCG
0AM1020,ESPINALER HIGADO DE BACALAO,D131,0001,UN,13667,ESPINALER 1896 SL,ZCG
0AM1028,PAY PAY ATUN A.OLIV.RO85 P3,D131,0001,UN,43421,"CONSERVAS CERQUEIRA, SA",ZCG
0AM1047,REYBER CHOCOLATE TRAD.30G 40U,D131,0001,UN,23944,Promoción Mercantil Catalana S.A.,ZCG
0AM1055,GALLINA BLANCA MAIZCREM GALLINA 2KG,D131,0001,UN,33728,GALLINA BLANCA S.A,ZCG
0AM1058,LEYENDA HABITAS MINI BABY  345G,D131,0001,UN,15570,"COMERGRUP, S.L.",ZCG
0AM1059,PAY PAY CALAMAR EN SALSA AMERICANA OL120,D131,0001,UN,43421,"CONSERVAS CERQUEIRA, SA",ZCG
0AM1061,"REDONDO PEPINILLOS 300/400 2,5 KG.",D131,0001,UN,43406,"ACEITUNAS REDONDO, SL",ZCG
0AM1075,HELIOS FRUTAPUN MERM.FRESA 350G,D131,0001,UN,43415,"DULCES Y CONSERVAS HELIOS, SA",ZCG
0AM1079,CHOVI SALSA CHEDDAR 1KG,D131,0001,UN,43400,"CHOVI, SL",ZCG
0AM1090,CAMARA ARROZ EXTRA 5 KG.,D131,0001,UN,85,CAMARA ARROSSERA DEL MONTSIA I SECC,ZCG
0AM1091,CERVANTES PIMENTON PICANTE 200 G.,D131,0001,UN,43413,"ESPECIAS CERVANTES, SL",ZCG
0AM1093,BORNIER MOSTAZA ANTIGUA  1000G,D131,0001,UN,15570,"COMERGRUP, S.L.",ZCG
0AM1099,PAY PAY ZAMBURIÑAS SALSA DE VIEIRA OL120,D131,0001,UN,43421,"CONSERVAS CERQUEIRA, SA",ZCG
0AM1100,LELIA ACEITUNA KALAMATA 1 KG.,D131,0001,UN,15570,"COMERGRUP, S.L.",ZCG
0AM1104,MAIZENA EXPRESS OSCURA 1KG,D131,0001,UN,34539,UNILEVER ESPAÑA SA,ZCG
0AM1105,FERRAR SALSA CALÇOTS 645G,D131,0001,UN,15570,"COMERGRUP, S.L.",ZCG
0AM1108,CERVANTES ÑORAS  100G,D131,0001,UN,43413,"ESPECIAS CERVANTES, SL",ZCG
0AM1112,FAISAN PISTON MEDIADO 5 KG.,D131,0001,UN,43440,"COMERCIAL GALLO, SA",ZCG
0AM1125,ESPINALER BERBERECHOS 45/55,D131,0001,UN,13667,ESPINALER 1896 SL,ZCG
0AM1126,ESPINALER BERBERECHOS OL120 55/65,D131,0001,UN,13667,ESPINALER 1896 SL,ZCG
0AM1135,GB SALSA ALIOLI 1KG,D131,0001,UN,33728,GALLINA BLANCA S.A,ZCG
0AM1138,NOCILLA REPOSTERIA PROF S/ACEIT PALMA 2K,D131,0001,UN,37874,IDILIA FOODS SLU,ZCG
0AM1139,CERVANTES CAYENA MOLIDA 150GR,D131,0001,UN,43413,"ESPECIAS CERVANTES, SL",ZCG
0AM1144,PAY PAY MEJILLONES EN ESCABECHE 14/18,D131,0001,UN,43421,"CONSERVAS CERQUEIRA, SA",ZCG
0AM1152,SAL GARCIA SAL YODADA SOBRES 1G 1000U,D131,0001,CAJ,5114,"FRANCISCO GARCIA EL RISOS, S.L",ZCG
0AM1155,CHOVI ALLIOLI 10G SOBRES 252U,D131,0001,CAJ,43400,"CHOVI, SL",ZCG
0AM1167,MARINAS PATATAS OLIVA 47G  10U,D131,0001,CAJ,18351,"APERITIVOS Y EXTRUSIONADOS, S.A.U",FC04A1
0AM1175,"CHURRUCA COCTEL ORIGINAL 1,5 KG",D131,0001,UN,38702,PRODUCTOS CHURRUCA S.A.,ZCG
0AM1180,NOCILLA CREMA CACAO 15G  72U,D131,0001,UN,37874,IDILIA FOODS SLU,ZCG
0AM1192,FLAPER COCTEL FRUTOS SECO AHORRO BOLSA 1,D131,0001,UN,43454,"APERITIVOS FLAPER, SLU",ZCG
0AM1194,GANCEDO COCTEL DE FRUTOS SECOS SUPER 2KG,D131,0001,UN,43454,"APERITIVOS FLAPER, SLU",ZCG
0AM1195,GANCEDO COCTEL FRUTOS SECOS ECONOMICO 1K,D131,0001,UN,43454,"APERITIVOS FLAPER, SLU",ZCG
0AM1196,FLAPER MORRO CUBO 800GR,D131,0001,UN,43454,"APERITIVOS FLAPER, SLU",ZCG
0AM1204,ESPINALER BOQUERON EN VINAGRE 10F 80G,D131,0001,UN,13667,ESPINALER 1896 SL,ZCG
0AM1205,DELOUISE CREMA VINAGRE MODENA 50CL 1U,D131,0001,UN,43403,"VINAGRERIAS RIOJANAS, SA",ZCG
0AM1206,GANCEDO PASAS SULTANAS 1KG,D131,0001,UN,43454,"APERITIVOS FLAPER, SLU",ZCG
0AM1213,PAY PAY PULPO TACOS ACEITE VEGETAL OL120,D131,0001,UN,43421,"CONSERVAS CERQUEIRA, SA",ZCG
0AM1221,CARRETILLA TOMATE TRITURADO 1KG,D131,0001,UN,43451,"INDUSTRIAS ALIMENTARIAS DE NAVARRA,",ZCG
0AM1223,GANCEDO COCTEL FRUTOS SEC ENSALADA 1KG,D131,,,,,ZCG
0AM1225,GB TOMATE TOMAUNTA PULPA 800G,D131,0001,UN,33728,GALLINA BLANCA S.A,ZCG
0AM1239,PAYPAY BERBERECHO 55/65 OLI120,D131,0001,UN,43421,"CONSERVAS CERQUEIRA, SA",ZCG
0AM1240,GANCEDO OREJONES ALBARICOQUE N2 1KG,D131,0001,UN,43454,"APERITIVOS FLAPER, SLU",ZCG
0AM1247,V.VIDAL COCTEL DE GOMINOLAS CUBO 3KG,D131,,,,,ZCG
0AM1267,"REDONDO ACEITUNA PERDIGON ANCHOA 2,5 KG.",D131,0001,UN,43406,"ACEITUNAS REDONDO, SL",ZCG
0AM1268,VERISOL TOMATE ENTERO 1KG,D131,0001,UN,30672,DDI PROVEA S.L (CENTRAL),ZCG
0AM1276,BARGALLO ACEITE OLIVA SUAVE 5L,D131,0001,UN,33589,OLIS BARGALLO SA,EC01B3
0AM1277,BARGALLO ACEITE OLIVA INTENSO 5L,D131,0001,UN,33589,OLIS BARGALLO SA,A0DISTRIDA
0AM1278,BARGALLO ACEITE VIRGEN EXTRA 5L,D131,0001,UN,33589,OLIS BARGALLO SA,EC01B1
0AM1279,BARGALLO ACEITE ARBEQUINA 3L LATA,D131,0001,UN,33589,OLIS BARGALLO SA,ZCG
0AM1280,BARGALLO ACEITE DE ORUJO EXTRA 5L,D131,0001,UN,33589,OLIS BARGALLO SA,ZCG
0AM1281,BARGALLO OLIVA SANSA SUAVE 5L,D131,0001,UN,33589,OLIS BARGALLO SA,EC01B2
0AM1282,BARGALLO OLI GIRASOL 5L,D131,0001,UN,33589,OLIS BARGALLO SA,ZCG
0AM1284,BARGALLO OLI FRIT FRIT 10L,D131,0001,UN,33589,OLIS BARGALLO SA,ZCG
0AM1290,XPLICIT AZUCAR 7GR  1000U,D131,0001,CAJ,30672,DDI PROVEA S.L (CENTRAL),FC02A2
0AM1291,AZUCAR BLANCO BOLSITA 7GR ''BARES''1000U,D131,0001,CAJ,33631,CORTES BARTOLOME SL,FC01A1
0AM1297,BARGALLO ACEITE PICUAL PREMIUM 500ML,D131,0001,UN,33589,OLIS BARGALLO SA,ZCG
0AM1309,POLA SAL SAL FINA DE MESA 25 KG.,D131,0001,UN,15570,"COMERGRUP, S.L.",ZCG
0AM1322,PONS TRUFA NEGRA 25 CL.,D131,0001,UN,43401,"GRUP PONS SINCE 1945, SL",ZCG
0AM1325,SAL COSTA SAL GRUESA DE MESA 5 KG.,D131,0001,UN,1211,SAL COSTA  S.L.U,ZCG
0AM1338,LEYENDA REMOLACHA RALLADA 370ML,D131,0001,UN,15570,"COMERGRUP, S.L.",ZCG
0AM1350,MALDON SAL MARINA EN ESCAMAS 250 G.,D131,0001,UN,15570,"COMERGRUP, S.L.",ZCG
0AM1361,CERVANTES FIDEOS CHOCOLATE 250 G,D131,0001,UN,43413,"ESPECIAS CERVANTES, SL",ZCG
0AM1381,GALLO CANELONES  500 PLACAS,D131,0001,CAJ,43440,"COMERCIAL GALLO, SA",ZCG
0AM1399,ITAC PIÑON MONDADO BASIC 1KG,D131,0001,UN,43428,"ITAC HISPANIA, SA",ZCG
0AM1405,ESPINALER SALSERA BAR COLL 200ML,D131,0001,UN,13667,ESPINALER 1896 SL,ZCG
0AM1406,"ESPINALER ACEITUNAS RELLENA 1,4KG",D131,0001,UN,13667,ESPINALER 1896 SL,ZCG
0AM1421,ESPINALER  PACK GARBI   12,D131,0001,CAJ,13667,ESPINALER 1896 SL,ZCG
0AM1423,GALLO FIDEO Nº2 3KG,D131,0001,CAJ,43440,"COMERCIAL GALLO, SA",ZCG
0AM1443,JUANFRA ACEITUNAS MANZANILLA 3KG,D131,0001,UN,43405,"ACEITUNAS JUANFRA, SL",ZCG
0AM1460,GANCEDO PIPAS PELADAS FRITAS 1KG,D131,,,,,ZCG
0AM1474,BARGALLO OLI VERGE EXTRA GUINDILLA 250ML,D131,0001,UN,33589,OLIS BARGALLO SA,ZCG
0AM1484,BARGALLO VINAGRE VINO TINT MARASCA 25CL,D131,0001,UN,33589,OLIS BARGALLO SA,ZCG
0AM1490,BARGALLO VINAGRE BALSAMIC MODENA 250ML,D131,0001,UN,33589,OLIS BARGALLO SA,ZCG
0AM1498,"BARGALLO ACEITUNA PERDIGON ANCHOA 2,5KG",D131,0001,UN,33589,OLIS BARGALLO SA,ZCG
0AM1521,BARGALLO OLIVA V.E COUPAG MARASC 250ML,D131,0001,UN,33589,OLIS BARGALLO SA,A0DISTRIDA
0AM1522,BARGALLO ACEITE ARBEQUINA (MARASCA)250ML,D131,0001,UN,33589,OLIS BARGALLO SA,ZCG
0AM1523,BARGALLO OLIVA V.EXTRA COUPAGE 500ML,D131,0001,UN,33589,OLIS BARGALLO SA,ZCG
0AM1537,ESPINALER SARDINA PREM RR125 20/25,D131,0001,UN,13667,ESPINALER 1896 SL,ZCG
0AM1551,HELIOS MERMELADA FRUTAS DEL BOSQUE 340G,D131,0001,UN,43415,"DULCES Y CONSERVAS HELIOS, SA",ZCG
0AM1552,AZUCARERA AZUCAR BOLSA DE PAPEL 1KG,D131,0001,UN,26647,AB AZUCARERA IBERIA S.L.U,ZCG
0AM1553,"GALLO HARINA TRIGO2,5KG",D131,0001,UN,43440,"COMERCIAL GALLO, SA",ZCG
0AM1569,TABASCO ROJO 60ML,D131,0001,UN,15570,"COMERGRUP, S.L.",ZCG
0AM1570,TABASCO ROJO 150ML,D131,0001,UN,15570,"COMERGRUP, S.L.",ZCG
0AM1589,LAS MONTAÑAS MIEL MILFLORES 1KG,D131,0001,UN,15570,"COMERGRUP, S.L.",ZCG
0AM1598,BAYO ARROZ BOMBA 5 KG,D131,0001,UN,29056,NOMEN FOODS SL,ZCG
0AM15992,GARDENY CREMA BALSAMICA  MODENA 500ML,D131,0001,UN,33589,OLIS BARGALLO SA,ZCG
0AM1601,ESPINALER BERBERECHOS OL120 65/85,D131,0001,UN,13667,ESPINALER 1896 SL,ZCG
0AM1604,RIOJAVINA VINAGRE BALSAMICO D MODENA 5L,D131,0001,UN,43403,"VINAGRERIAS RIOJANAS, SA",ZCG
0AM1605,CHOVI CHEDDAR 25CL,D131,0001,UN,43400,"CHOVI, SL",ZCG
0AM1610,GIMAR MAGDALENA CASERA 710G 9U,D131,0001,CAJ,44180,"PASTELERIA GIMAR, SL",ZCG
0AM1613,EL PAVO ESPAGHETTIS 6KG,D131,0001,UN,33728,GALLINA BLANCA S.A,ZCG
0AM1614,EL PAVO TALLARINES 6KG,D131,0001,UN,33728,GALLINA BLANCA S.A,ZCG
0AM1615,ROMERO MACARRONES PLUMAS Nº5 HOST. 5KG,D131,0001,UN,43449,"PASTAS ALIMENTICIAS ROMERO, SA",ZCG
0AM1616,ROMERO ESPAGUETIS HOSTELERIA 5KG,D131,0001,UN,43449,"PASTAS ALIMENTICIAS ROMERO, SA",ZCG
0AM1617,ROMERO TALLARINES HOSTELERIA 5KG,D131,0001,UN,43449,"PASTAS ALIMENTICIAS ROMERO, SA",ZCG
0AM1619,ITAC NUEZ PELADA USA SELEC.1KG (NUEVO),D131,0001,UN,43428,"ITAC HISPANIA, SA",ZCG
0AM1623,LA LECHERA LECHE CONDENSAD ANTIGOTEO450G,D131,0001,UN,3834,"NESTLE ESPAÑA, S.A.",ZCG
0AM1625,LA LECHERA LECHE CONDENSADA 740G,D131,0001,UN,3834,"NESTLE ESPAÑA, S.A.",ZCG
0AM1630,SARRIEGUI PATATAS FRITA  40G 20U,D131,0001,CAJ,30561,"PATATAS SAN JERONIMO, S.L.",ZCG
0AM1631,BAYMAR BERBERECHOS NATURAL 25/35 F.A.,D131,0001,UN,43423,"REDISCO ALIMENTACION, SL",ZCG
0AM1634,XPLICIT EDULCORANTE 1G 150U,D131,0001,CAJ,30672,DDI PROVEA S.L (CENTRAL),FC01C4
0AM1635,NASSARI ANCHOAS ACEITE GIRASOL 320G,D131,0001,UN,43425,"SIRO I XAVI, SL",ZCG
0AM1636,NASSARI BOQUERON AROMA AJO Y PEREJIL 250,D131,0001,UN,43425,"SIRO I XAVI, SL",ZCG
0AM1875,PRESIDENT NATA COCINAR 12% MG 1L,D131,0001,UN,30453,LACTALIS FOOD SERVICE IBERIA S.L,ZCG
0AM1878,VERISOL TOMATE TRITURADO 1KG,D131,0001,UN,30672,DDI PROVEA S.L (CENTRAL),ZCG
0AM1879,VERISOL TOMATE FRITO 1KG,D131,0001,UN,30672,DDI PROVEA S.L (CENTRAL),ZCG
0AM1881,FLAPER TORREZNOS SABOR IBERICO 60G 10U,D131,0001,CAJ,43454,"APERITIVOS FLAPER, SLU",ZCG
0AM1883,GALLO HARINA FREIR 1KG,D131,0001,UN,43440,"COMERCIAL GALLO, SA",ZCG
0AM1884,GALLO HARINA EXTRA 1KG,D131,0001,UN,43440,"COMERCIAL GALLO, SA",ZCG
0AM1885,GALLO HARINA REPOSTERIA 1KG,D131,0001,UN,43440,"COMERCIAL GALLO, SA",ZCG
0AM1898,HEINZ KETCHUP 460G,D131,0001,UN,43409,"HJ HEINZ FOODS SPAIN, SLU",ZCG
0AM1905,XPLICIT AZUCAR +AGIT BAMBU 7G  500U,D131,0001,CAJ,30672,DDI PROVEA S.L (CENTRAL),FA07A2
0AM1978,"MALDON SAL MARINA EN ESCAMAS 1,4 KG",D131,0001,UN,15570,"COMERGRUP, S.L.",ZCG
0AM2163,GALLINA BLANCA TOMATE TAMIZADO 4KG,D131,0001,UN,33728,GALLINA BLANCA S.A,EA06A1
0AM2400,GALLINA BLANCA HUEVO EN POLVO 340G,D131,0001,UN,33728,GALLINA BLANCA S.A,ZCG
0AM2502,CHOVI KETCHUP 450G,D131,0001,UN,43400,"CHOVI, SL",ZCG
0AM2671,"HEINZ MAYONESA PROFESIONAL 4,8KG",D131,0001,CAJ,43409,"HJ HEINZ FOODS SPAIN, SLU",ZCG
0AM2680,BAYMAR FILETE SALMON PARRILL OLIVA 160G,D131,0001,UN,43423,"REDISCO ALIMENTACION, SL",ZCG
0AM2691,HELLMANN.S MAYONESA CUBO 2 L,D131,0001,UN,34539,UNILEVER ESPAÑA SA,ZCG
0AM2698,NOCILLA GALLETA COOKIE HOST 40G 16U,D131,0001,CAJ,37874,IDILIA FOODS SLU,ZCG
0AM2720,GALLO MACARRONES PLUMAS Nº6 250G 1U,D131,0001,UN,43440,"COMERCIAL GALLO, SA",ZCG
0AM2725,GALLO GALET DE NAVIDAD AL HUEVO 225G 1U,D131,0001,UN,43440,"COMERCIAL GALLO, SA",ZCG
0AM2734,RIOJAVINA VINAGRE DE VINO TINTO 25CL 1U,D131,,,,,ZCG
0AM2737,ORLANDO TOMATE TRITURADO 800G 1U,D131,,,,,ZCG
0AM2950,SAL COSTA SALERO 250G,D131,0001,UN,1211,SAL COSTA  S.L.U,ZCG
0AM3164,CARMENCITA COMINO MOLIDO 440G,D131,0001,UN,41637,"JESUS NAVARRO, S.A.",ZCG
0AM3359,BARGALLO VINAGRE VINO BLANCO 2L,D131,0001,UN,33589,OLIS BARGALLO SA,ZCG
0AM3360,BARGALLO VINAGRE DE JEREZ 25CL,D131,0001,UN,33589,OLIS BARGALLO SA,ZCG
0AM3376,BARGALLO ACEITE ALTO RENDIMIENTO 20L,D131,0001,UN,33589,OLIS BARGALLO SA,ZCG
0AM3409,FERRER CALDO DE POLLO 94CL,D131,0001,UN,15570,"COMERGRUP, S.L.",ZCG
0AM3411,FERRER CALDO DE ESCUDELLA 94CL,D131,0001,UN,15570,"COMERGRUP, S.L.",ZCG
0AM3412,FERRER FUMETE DE PESCADO 94CL,D131,0001,UN,15570,"COMERGRUP, S.L.",ZCG
0AM3444,TOT SNACK PATATA PALITO CUBO 500G,D131,0001,CAJ,43457,"TOT SNACK, SL",ZCG
0AM3474,SAL GARCIA SALERO 200G 10U,D131,0001,CAJ,5114,"FRANCISCO GARCIA EL RISOS, S.L",ZCG
0AM3562,CHOVI MAYONESA CLASICA 2KG,D131,0001,UN,43400,"CHOVI, SL",ZCG
0AM3565,BARGALLO ACEITE GOURMET SOL GIRASOL 20L,D131,0001,UN,33589,OLIS BARGALLO SA,ZCG
0AM3587,DDI AZUCAR BLANCO 6G 1000U,D131,0001,CAJ,30672,DDI PROVEA S.L (CENTRAL),FC03B3
0AM3588,DDI AZUCAR MORENO 6G 1000U,D131,0001,CAJ,30672,DDI PROVEA S.L (CENTRAL),FC02A3
0AM3667,FAISAN PIÑONES 5KG,D131,0001,UN,43440,"COMERCIAL GALLO, SA",ZCG
0AM3669,GANCEDO ALMENDRA TOSTADA SIN SAL 1KG,D131,0001,UN,43454,"APERITIVOS FLAPER, SLU",ZCG
0AM3864,FRIMASOL ACEITE GIRASOL 25L,D131,0001,UN,36810,ACEITES MALAGA SL,EA02A3
0AM3928,HELIOS MERMELADA FRESA 25G  80U,D131,0001,CAJ,43415,"DULCES Y CONSERVAS HELIOS, SA",ZCG
0AM3929,VERIMAR ATUN RALLADO A.GIRASOL RO-800,D131,0001,UN,30672,DDI PROVEA S.L (CENTRAL),ZCG
0AM3935,HELIOS MIEL MILFLORES 28G 24U,D131,0001,CAJ,43415,"DULCES Y CONSERVAS HELIOS, SA",ZCG
0AM3940,HELIOS MERMELADA FRESA 25G 250U,D131,0001,CAJ,43415,"DULCES Y CONSERVAS HELIOS, SA",ZCG
0AM3966,HELIOS MERMELADA MELOCOTON 25G  80U,D131,0001,CAJ,43415,"DULCES Y CONSERVAS HELIOS, SA",ZCG
0AM3967,BAYO ARROZ SUSHI 5KG,D131,0001,UN,29056,NOMEN FOODS SL,ZCG
0AM3979,LOTUS BISCOFF BISCUITS CRUMB 750G,D131,0001,UN,35166,Lotus Bakeries España SL,ZCG
0AM3989,SABOR DEL SUR ACEITE DE OLIVA SUAVE 5L,D131,,,,,ZCG
0AM4005,BORNIER MOSTAZA SABOR INTENSO DIJON 1KG,D131,0001,UN,15570,"COMERGRUP, S.L.",ZCG
0AM4008,"CARRETILLA MAGRO DE CERDO 1,8KG 2U",D131,0001,CAJ,43451,"INDUSTRIAS ALIMENTARIAS DE NAVARRA,",ZCG
0AM4009,"CARRETILLA PIES CERDO SALSA 1,9KG 2U",D131,0001,CAJ,43451,"INDUSTRIAS ALIMENTARIAS DE NAVARRA,",ZCG
0AM4012,LA COCHURA ALUBIA BLANCA 5KG,D131,0001,UN,43410,"LEGUMBRES LA COCHURA, SA",ZCG
0AM4014,GOYA LECHE DE COCO 40CL,D131,0001,UN,36224,GOYA EUROPA S.L.U.,ZCG
0AM4158,SABOR DEL SUR ACEITE VIRGEN EXTRA 5L,D131,0001,UN,36810,ACEITES MALAGA SL,EA03A1
0AM4184,LA FRAGUA ESPARRAGOS 13/16 EXTRA 1KG,D131,,,,,ZCG
0AM4220,AVECREM CALDO POLLO S/GLUTEN 1KG,D131,0001,UN,33728,GALLINA BLANCA S.A,ZCG
0AM4297,LA FRAGUA PISTO VERDURAS 3KG,D131,0001,UN,38604,"SACESA SELECCION, S.L.",ZCG
0AM4347,LA FRAGUA PIMIENTO ROJO TIRAS 3KG,D131,,,,,ZCG
0AM4540,SABOR DEL SUR AOVE TARRINA 10ML 240U,D131,0001,CAJ,36810,ACEITES MALAGA SL,ZCG
0AM4542,HELIOS MIEL MILFLORES 25G 80U,D131,0001,CAJ,43415,"DULCES Y CONSERVAS HELIOS, SA",ZCG
0AM4556,BARGALLO ACEITE ALTO RENDIMIENTO 10L,D131,0001,UN,33589,OLIS BARGALLO SA,ZCG
0AM4559,LA FRAGUA YEMA DE ESPARRAGO 9/12 30G,D131,0001,UN,38604,"SACESA SELECCION, S.L.",ZCG
0AM4570,FERRER BERBERECHOS AL NATURAL 45/55 OL12,D131,0001,UN,15570,"COMERGRUP, S.L.",ZCG
0AM4584,CORTIZO ATUN ACEITE GIRASOL RO 800G,D131,0001,UN,43422,"CONSERVERA DE RIANXO, SA",ZCG
0AM4752,DIAMIR ESPARRAGO 13-16 COJONUDOS 1KG,D131,0001,UN,43411,"NUDISCO, SLU",ZCG
0AM4773,BAYMAR VENTRESCA ATUN A. GIRASOL 1KG,D131,0001,UN,43423,"REDISCO ALIMENTACION, SL",ZCG
0AM4775,CARMENCITA BICARBONATO SODICO 1KG,D131,0001,UN,41637,"JESUS NAVARRO, S.A.",ZCG
0AM4792,CARMENCITA LAUREL HOJAS 40G,D131,0001,UN,41637,"JESUS NAVARRO, S.A.",ZCG
0AM4892,SANTA ANA PATATAS 15U,D131,0001,CAJ,35975,PEPSICO FOODS AIE,A0DISTRIDA
0AM4905,LAYS SAL 20U,D131,0001,CAJ,35975,PEPSICO FOODS AIE,A0DISTRIDA
0AM4937,"CHOVI MAYONESA PROFESIONAL 3,6KG",D131,0001,UN,43400,"CHOVI, SL",ZCG
0AM4939,CARMENCITA ENELDO HOJA 150G,D131,0001,UN,41637,"JESUS NAVARRO, S.A.",ZCG
0AM4941,CARTE D'OR SIROPE CARAMELO 1KG,D131,0001,UN,34539,UNILEVER ESPAÑA SA,ZCG
0AM4942,CARTE D'OR SIROPE CHOCOLATE 1KG,D131,0001,UN,34539,UNILEVER ESPAÑA SA,ZCG
0AM4943,CARTE D'OR SIROPE FRESA 1KG,D131,0001,UN,34539,UNILEVER ESPAÑA SA,ZCG
0AM4944,ITAC CEBOLLA FRITA GIRASOL 500G,D131,0001,UN,43428,"ITAC HISPANIA, SA",ZCG
0AM4945,SOLIMON ZUMO DE LIMON 3L,D131,0001,UN,15570,"COMERGRUP, S.L.",ZCG
0AM4946,SOLIMON ZUMO DE LIMON 1L,D131,0001,UN,15570,"COMERGRUP, S.L.",ZCG
0AM4950,CHOVI ALLIOLI FOODSERVICE 82CL,D131,0001,UN,43400,"CHOVI, SL",ZCG
0AM4957,CHOVI MAYONESA FOODSERVICE 82CL,D131,0001,UN,43400,"CHOVI, SL",ZCG
0AM4959,CHOVI AJONESA FOODSERVICE 82CL,D131,0001,UN,43400,"CHOVI, SL",ZCG
0AM4960,CHOVI BARBACOA FOODSERVICE 950GR,D131,0001,UN,43400,"CHOVI, SL",ZCG
0AM4963,CHOVI KETCHUP FOODSERVICE 85CL,D131,0001,UN,43400,"CHOVI, SL",ZCG
0AM4976,CHOVI SALSA BRAVA PICANTE 840GR,D131,0001,UN,43400,"CHOVI, SL",ZCG
0AM4977,CHOVI CHEDDAR 840GR,D131,0001,UN,43400,"CHOVI, SL",ZCG
0AM4982,ESPINALER PATATAS F.SAL MARINA 50G 25U,D131,0001,CAJ,13667,ESPINALER 1896 SL,ZCG
0AM4985,ESPINALER OLIVAS NEGRAS S.HUESO 150G 12U,D131,0001,CAJ,13667,ESPINALER 1896 SL,ZCG
0AM4993,CARMENCITA SAL MARINA MOLIDA 360G,D131,0001,UN,41637,"JESUS NAVARRO, S.A.",ZCG
0AM4994,CARMENCITA SAL ROSA HIMALAYA MOLIDA 370G,D131,,,,,ZCG
0AM4995,CARMENCITA PIMIENTA NEGRA C/MOL 190G,D131,0001,UN,41637,"JESUS NAVARRO, S.A.",ZCG
0AM4996,CARMENCITA 4 PIMIENTAS MOLIDA 145G,D131,0001,UN,41637,"JESUS NAVARRO, S.A.",ZCG
0AM4997,BAYMAR BERBERECHOS NATURAL OL120 50/60,D131,0001,UN,43423,"REDISCO ALIMENTACION, SL",ZCG
0AM5005,AZUCAR 5G LA SOLANA 1500U,D131,0001,CAJ,33631,CORTES BARTOLOME SL,FC04A3
0AM5006,PROMOLAC SIROPE DE CARAMELO 1KG,D131,0001,UN,43416,"PROMOLAC ESPAÑA, SA",ZCG
0AM5015,PROMOLAC SIROPE DE FRESA 1KG,D131,0001,UN,43416,"PROMOLAC ESPAÑA, SA",ZCG
0AM5029,AMALUR TRUFA NEGRA ENTERA 10G,D131,0001,UN,15570,"COMERGRUP, S.L.",ZCG
0AM5040,CARMENCITA PEREJIL 110G,D131,0001,UN,41637,"JESUS NAVARRO, S.A.",ZCG
0AM5059,CHOVI MAYONESA ORIGINAL 400G,D131,0001,UN,43400,"CHOVI, SL",ZCG
0AM5064,PROMOLAC SIROPE DE CHOCOLATE 1KG,D131,0001,UN,43416,"PROMOLAC ESPAÑA, SA",ZCG
0AM5074,CARMENCITA AZUCAR GLAS 670G,D131,0001,UN,41637,"JESUS NAVARRO, S.A.",ZCG
0AM5075,"LA SEVILLANA RODAJAS ACEITUNA NEGRA 1,56",D131,0001,UN,43406,"ACEITUNAS REDONDO, SL",ZCG
0AM5083,CARMENCITA CANELA MOLIDA 400G,D131,0001,UN,41637,"JESUS NAVARRO, S.A.",ZCG
0AM5095,RIFACLI CARQUIÑOLIS 700G,D131,0001,UN,15570,"COMERGRUP, S.L.",ZCG
0AM5096,"RIFACLI CARQUIÑOLIS 1,4KG",D131,0001,UN,15570,"COMERGRUP, S.L.",ZCG
0AM5183,LA FRAGUA ALUBIAS BL ARROCINAS CDAS 3KG,D131,0001,UN,38604,"SACESA SELECCION, S.L.",ZCG
0AM5218,A. XIXONA GOTAS DE CHOCOLATE BLANCO 1KG,D131,0001,UN,15570,"COMERGRUP, S.L.",ZCG
0AM5220,AZUCAR GARBI ZEFIR 7G 1000U,D131,0001,CAJ,33631,CORTES BARTOLOME SL,FC04A3
0AM5233,CHOVI KEBAB WHITE 820ML 1U,D131,0001,UN,43400,"CHOVI, SL",ZCG
0AM5235,PAY PAY MEJILLONES ESC.25/35 RR120,D131,0001,UN,43421,"CONSERVAS CERQUEIRA, SA",ZCG
0AM5247,"GOYA JALAPEÑO VERDE RODAJAS 1,54KG 1U",D131,0001,UN,15570,"COMERGRUP, S.L.",ZCG
0AM5250,VERISOL RELLENA ANCHOA 200/220,D131,0001,UN,30672,DDI PROVEA S.L (CENTRAL),ZCG
0AM5254,"VERISOL ALIÑADA PARTIDA AJO LATA 2,5KG",D131,0001,UN,30672,DDI PROVEA S.L (CENTRAL),ZCG
0AM5266,BAYO ARROZ LARGO 5KG,D131,0001,UN,29056,NOMEN FOODS SL,ZCG
0AM5269,ITAC CACAHUETE REPELADO FRITO C/SAL 1KG,D131,0001,UN,15570,"COMERGRUP, S.L.",ZCG
0AM5278,AZUCAR TORNEM-HI TORELLO 6G 1000U,D131,0001,CAJ,33631,CORTES BARTOLOME SL,EA07B1
0AM5287,CARMENCITA PIMENTON ROJO DULCE 490G,D131,0001,UN,41637,"JESUS NAVARRO, S.A.",ZCG
0AM5310,BARGALLO RUGIN OLI FREGIR ALT OLEICO 20L,D131,0001,UN,33589,OLIS BARGALLO SA,ZCG
0AM5311,CARTE D'OR SIROPE FRUTAS DEL BOSQUE 1KG,D131,0001,UN,34539,UNILEVER ESPAÑA SA,ZCG
0AM5312,GANCEDO COCTEL PICANTE CHILLY 2KG,D131,0001,UN,43454,"APERITIVOS FLAPER, SLU",ZCG
0AM5320,"CHOVI SAL SOBRES 0,8GR- 2000U",D131,0001,CAJ,43400,"CHOVI, SL",ZCG
0AM5326,MAMMA CRUMBS PANKO PAN RALL 1KG 1U,D131,0001,UN,15570,"COMERGRUP, S.L.",ZCG
0AM5329,GO-TAN SALSA SRIRACHA 215ML 1U,D131,0001,UN,15570,"COMERGRUP, S.L.",ZCG
0AM5332,PATAK'S SALSA TIKKA MASALA 450G 1U,D131,0001,UN,15570,"COMERGRUP, S.L.",ZCG
0AM5334,RIFACLI BARQUILLO VAINILLA 750G 1U,D131,0001,UN,15570,"COMERGRUP, S.L.",ZCG
0AM5336,RAM NATILLAS BRICK 1L 1U,D131,0001,UN,30453,LACTALIS FOOD SERVICE IBERIA S.L,ZCG
0AM5358,ESPINALER NAVAJAS AL NATURAL OL120 5/8,D131,0001,UN,13667,ESPINALER 1896 SL,ZCG
0AM5364,CARMENCITA TANDEM SAL/PIM.165G,D131,0001,UN,41637,"JESUS NAVARRO, S.A.",ZCG
0AM5369,PROMOLAC MOUSSE SABOR FRESA 820G,D131,0001,UN,43416,"PROMOLAC ESPAÑA, SA",ZCG
0AM5370,PROMOLAC MOUSSE SABOR CHOCOLATE 1KG,D131,0001,UN,43416,"PROMOLAC ESPAÑA, SA",ZCG
0AM5383,PROEZA TOMATE FRITO EXTRA LATA 3KG,D131,0001,UN,30672,DDI PROVEA S.L (CENTRAL),ZCG
0AM5386,"PROEZA TOMATE ENTERO ""PELADO"" 5KG",D131,0001,UN,30672,DDI PROVEA S.L (CENTRAL),ZCG
0AM5387,PROEZA TOMATE TRITURADO 5KG,D131,0001,UN,30672,DDI PROVEA S.L (CENTRAL),ZCG
0AM5388,PROEZA ZANAHORIA RALLADA 3KG,D131,0001,UN,30672,DDI PROVEA S.L (CENTRAL),ZCG
0AM5390,PROEZA CHAMPIÑON LAMINADO LATA 3KG,D131,0001,UN,30672,DDI PROVEA S.L (CENTRAL),ZCG
0AM5391,PROEZA REMOLACHA RALLADA 3KG,D131,,,,,ZCG
0AM5392,PROEZA GARBANZOS EXTRA LATA 3KG,D131,0001,UN,30672,DDI PROVEA S.L (CENTRAL),ZCG
0AM5393,PROEZA CEBOLLA FRITA A.GIRASOL LATA 3KG,D131,0001,UN,30672,DDI PROVEA S.L (CENTRAL),ZCG
0AM5394,PROEZA ATUN A.GIRASOL BOLSA 1KG,D131,,,,,ZCG
0AM5395,BARGASOL A.ALTO OLEICO EXTRA LATA 20 L.,D131,0001,UN,33589,OLIS BARGALLO SA,ZCG
0AM5396,BARGALLO OLI FRIT FRIT 20L,D131,0001,UN,33589,OLIS BARGALLO SA,ZCG
0AM5397,"SURINVER ESCALIVADA AL HORNO 1,1KG 1U",D131,0001,UN,15570,"COMERGRUP, S.L.",ZCG
0AM5408,NESTLE MILKYBAR SALSA CHOC.BL 1KG,D131,0001,UN,3834,"NESTLE ESPAÑA, S.A.",ZCG
0AM5418,KIKKOMAN SALSA SOJA SIN GLUTEN 1L,D131,0001,UN,15570,"COMERGRUP, S.L.",ZCG
0AM5427,SANTA RITA HARINA REPOSTERIA 1KG,D131,0001,UN,15570,"COMERGRUP, S.L.",ZCG
0AM5428,SANTA RITA HARINA FRI.PESC 500G,D131,0001,UN,15570,"COMERGRUP, S.L.",ZCG
0AM5429,SANTA RITA HARINA FRIT.PESC 1KG,D131,0001,UN,15570,"COMERGRUP, S.L.",ZCG
0AM5447,"LOTUS BISCOFF CREMA DE GALLETA 1,6 KG",D131,0001,UN,35166,Lotus Bakeries España SL,ZCG
0AM5463,"AZUCAR BLANCO 6G 1000U ""BARES""",D131,0001,CAJ,33631,CORTES BARTOLOME SL,FC02C1
0AM5471,COLACAO SOBRES 16G ESTUCHE 50U,D131,0001,EST,37874,IDILIA FOODS SLU,ZCG
0AM5474,PALITOS DE TRIGO 1KG (CUBO),D131,0001,UN,13667,ESPINALER 1896 SL,ZCG
0AM5476,"PICOS CAMPEROS 1,5kg (CUBO)",D131,0001,UN,37168,"PLATAFORMA CENTRAL DMANA, S.L.",ZCG
0AM5487,GIMAR BIZCOHO MANZANA PLANCHA 2KG 1U,D131,0001,UN,15570,"COMERGRUP, S.L.",ZCG
0AM5488,GIMAR BIZCOCHO DE YOGUR 20U (ENV. IND.),D131,0001,CAJ,15570,"COMERGRUP, S.L.",ZCG
0AM5495,LFM AOVE 25CL (BOT.PET MARASCA) 1U,D131,0001,UN,36810,ACEITES MALAGA SL,ZCG
0AM5497,ESPINALER TORREZNOS 60GRS 12U,D131,0001,CAJ,13667,ESPINALER 1896 SL,ZCG
0AM5498,"REYBAR CHOCOLATINA NGR 48,5% CACAO 250U",D131,0001,UN,15570,"COMERGRUP, S.L.",ZCG
0AM5500,REYBAR CACAO PURO EN POLVO BOTE 150G 1U,D131,0001,UN,15570,"COMERGRUP, S.L.",ZCG
0AM5501,CHOVI KETCHUP SOB.10G 172U+80G,D131,0001,CAJ,43400,"CHOVI, SL",ZCG
0AM5502,CHOVI MAYONESA SOB.10G 172U+80G,D131,0001,CAJ,43400,"CHOVI, SL",ZCG
0AM5506,"LA FRAGUA MERMEL. MELOC. CUBO 4,2KG 1U",D131,0001,UN,30070,"MASCARELL COMERCIAL DE BEBIDAS, S.L",ZCG
0AM5510,PROEZA JUDIA BLANCA 3KG 1U,D131,0001,UN,30672,DDI PROVEA S.L (CENTRAL),ZCG
0AM5511,"PROEZA ESPARRAGOS EXTRA 17/24, 1KG 1U",D131,0001,UN,30672,DDI PROVEA S.L (CENTRAL),ZCG
0AM5512,PROEZA LENTEJA EXTRA 3KG.  1U,D131,0001,UN,30672,DDI PROVEA S.L (CENTRAL),ZCG
0AM5513,PROEZA PIQUILLO 80/100 3KG  1U,D131,0001,UN,30672,DDI PROVEA S.L (CENTRAL),ZCG
0AM5514,PROEZA MELOCOTON ALMÍBAR 3KG  1U,D131,0001,UN,30672,DDI PROVEA S.L (CENTRAL),ZCG
0AM5515,PROEZA PIÑA RODAJA ALMIBAR 3KG  1U,D131,0001,UN,30672,DDI PROVEA S.L (CENTRAL),ZCG
0AM5516,PROEZA COCKTAIL 3KG  1U,D131,0001,UN,30672,DDI PROVEA S.L (CENTRAL),ZCG
0AM5517,PROEZA MAIZ 500GR  1U,D131,0001,UN,30672,DDI PROVEA S.L (CENTRAL),ZCG
0AM5518,PROEZA ATUN CLARO A.GIRASOL BOLSA 1KG  1,D131,0001,UN,30672,DDI PROVEA S.L (CENTRAL),ZCG
0AM5519,PROEZA ACEITE GIRASOL 25L  1U,D131,0001,UN,30672,DDI PROVEA S.L (CENTRAL),EA02A3
0AM5526,PAY PAY MEJILLONES ESC.P-3 RO85,D131,0001,UN,43421,"CONSERVAS CERQUEIRA, SA",ZCG
0AM5528,PAY PAY SARDINETAS 6/12 RR90,D131,0001,UN,43421,"CONSERVAS CERQUEIRA, SA",ZCG
0AM5554,PAY PAY CHIPIRONES RELL. GULA RR120 1U,D131,0001,UN,43421,"CONSERVAS CERQUEIRA, SA",ZCG
0AM5555,LA FRAGUA ALCACHOFA CUARTEADA 3KG 1U,D131,0001,UN,38604,"SACESA SELECCION, S.L.",ZCG
0AM5562,ITAC ALMENDRA REPELADA CRUDA 1KG 1U,D131,,,,,ZCG
0AM5564,FERRER BERBERECHOS AL NATURAL 25/35 OL12,D131,,,,,ZCG
0AM5570,CARRETILLA-ALBONDIGAS EN SALSA BORDEL 2K,D131,,,,,ZCG
0AM5571,ITAC AVELLANA REPELADA TOSTADA 1KG,D131,,,,,ZCG
0AM5578,PROEZA ACEITE GIRASOL 5L,D131,0001,UN,30672,DDI PROVEA S.L (CENTRAL),A0DISTRIDA
0AM5579,PROEZA AOVE 5L,D131,0001,UN,30672,DDI PROVEA S.L (CENTRAL),A0DISTRIDA
0AM5584,LA FRAGUA PIMIENTO ROJO TIRAS EXTRA 3KG,D131,,,,,ZCG
0AM5587,BONAPI MIEL MILFLORES 350G ANTIGOTEO 1U,D131,,,,,ZCG
0AM5605,BONAPI MIEL MILFLORES 450G ANTIGOTEO 1U,D131,,,,,ZCG
0AM5606,"JUANFRA CHUPADEDOS 2,5KG 1U",D131,,,,,ZCG
0AM5607,"LA FRAGUA MERMEL. FRESA CUBO 4,2KG 1U",D131,,,,,ZCG
0AM5616,LA FRAGUA ESPARRAGO 5/9 1KG,D131,,,,,ZCG
0AM5617,BONAPI MIEL MILFLORES JARRA 3KG,D131,,,,,ZCG
0AM5618,"LA FRAGUA ALCACH CORAZONES EXT 8/12 0,5K",D131,,,,,ZCG
0AM5619,CARTE D'OR PANNA COTTA EN POLVO 2x260G,D131,,,,,ZCG
0AM5620,CHOVI SALSA BRAVA 271G,D131,,,,,ZCG
0AM5629,HELIOS DIET MERM. FRESA TARRINA 20G 80U,D131,,,,,ZCG
0AM5630,COLACAO SOBRE 16G 50U +2 VASOS,D131,,,,,ZCG
0AM5678,CARTE D'OR CREMA PISTACHOS 900G 1U,D131,,,,,ZCG
0AM5690,BAYMAR BERBERECHOS NATURAL 35/45 RR125,D131,,,,,ZCG
0CF0029,NESCAFE DESCAFEINADO SOBRE 2G 100U,D131,0001,UN,3834,"NESTLE ESPAÑA, S.A.",ZCG
0CF0056,XPLICIT MEZCLA 80/20 1KG,D131,0001,UN,30672,DDI PROVEA S.L (CENTRAL),FC01A3
0CF0058,XPLICIT DESCAFEINADO 500GR,D131,0001,UN,30672,DDI PROVEA S.L (CENTRAL),FC01A2
0CF0060,DESCAFEINADO CAPSULAS GENERIC 50U,D131,0001,CAJ,33632,CAFES TEMPLO FOOD SERVICES SL,AA10A3
0CF0080,XPLICIT NATURAL CREMOSO 1KG,D131,0001,UN,30672,DDI PROVEA S.L (CENTRAL),FC02A2
0CF0124,MOMENT TEA MENTA POLEO 15U,D131,0001,CAJ,3834,"NESTLE ESPAÑA, S.A.",ZCG
0CF0128,MOMENT TEA VERDEJENGIBRE 15U,D131,,,,,ZCG
0CF0353,BONKA SELECCIÓN PROFESIONAL NATURAL 1KG,D131,0001,UN,3834,"NESTLE ESPAÑA, S.A.",FC05A2
0CF0355,BONKA ESSENTIA DESCAFEINADO GRANO 500G,D131,0001,UN,3834,"NESTLE ESPAÑA, S.A.",FC05A3
0CF0357,BONKA ESSENTIA ESPRESSO ITALIANO 1KG,D131,0001,UN,3834,"NESTLE ESPAÑA, S.A.",FC05A3
0CF0374,BONKA INTENSO NATURAL 1KG,D131,0001,UN,3834,"NESTLE ESPAÑA, S.A.",FC04A3
0CF0410,MOMENT TEA  MANZANILLA E15 15U,D131,,,,,ZCG
0CF0411,MOMENT TEA ROJO PU ERH 15U,D131,,,,,ZCG
0CF0412,MOMENT TEA ROOIBOS COPACABANA 15U,D131,,,,,ZCG
0CF0413,MOMENT TEA INFUANIS DIGST 15U,D131,,,,,ZCG
0CF0414,MOMENT TEA GREEN MATCHA 15U,D131,,,,,ZCG
0CF0415,MOMENT TEA TILA 15U,D131,,,,,ZCG
0CF0417,MOMENT TEA BLACKCHAI 15U,D131,,,,,ZCG
0CF0418,MOMENT TEA PU ERH STRAWBERRY 15U,D131,,,,,ZCG
0CF0419,MOMENT TEA NEGRO SUE. CAN. 15U,D131,,,,,ZCG
0CF0420,MOMENT TEA VERDE MO. HIERBA 15U,D131,,,,,ZCG
0CF0421,MOMENT TEA FRUTAS BOSQUE 15U,D131,,,,,ZCG
0CF0424,MOMENT TEA ROOIBOS ALBA 15U,D131,,,,,ZCG
0CF0711,MALONGO ITALIAN STYLE EXPRESSO 6G 120U,D131,,,,,ZCG
0CF0875,AZUCAR M.PADEL OSONA 7G 1000U,D131,,,,,ZCG
0CF1028,MALONGO EXPRESO INTENSO CAPSULAS 6G 120U,D131,0001,CAJ,44432,"BROWN FOX SERVICES, S.L.",EA07C1
0CF1029,MALONGO GRAN RESERVA CAPSULAS 6G 120U,D131,,,,,ZCG
0CF1031,BONKA ESSENTIA AMÉRICAS 100% ARÁBICA 1KG,D131,0001,UN,3834,"NESTLE ESPAÑA, S.A.",FB05A2
0CF1034,BONKA ESSENTIA ECOLÓGICO GRANO 1KG,D131,0001,UN,3834,"NESTLE ESPAÑA, S.A.",DA04A3
0CF1035,XPLICIT DESCAFEINADO SOLUBLE 2G 100U,D131,0001,CAJ,30672,DDI PROVEA S.L (CENTRAL),ZCG
0CF1112,MALONGO DECA AQUA DESCAF ENFUND 6G 100U,D131,0001,CAJ,44432,"BROWN FOX SERVICES, S.L.",AA0005
0CF1122,MOMENT TEA  CHAI TEA LATTE 10U,D131,0005,CAJ,3834,"NESTLE ESPAÑA, S.A.",ZCG
0CF1133,GARRIGA S.PURO ARABICA BOLSA 1KG 1U,D131,0001,UN,3834,"NESTLE ESPAÑA, S.A.",FC01A3
0CF1134,GARRIGA S.SUPERIOR NATURAL BOLSA 1KG 1U,D131,0001,UN,3834,"NESTLE ESPAÑA, S.A.",FA08B5
0CF1135,GARRIGA S.EXPRES NATURAL BOLSA 1KG 1U,D131,0001,UN,3834,"NESTLE ESPAÑA, S.A.",FA09A1
0CF1136,GARRIGA CREME NATURAL BOLSA 1KG 1U,D131,0001,UN,3834,"NESTLE ESPAÑA, S.A.",FA08A2
0CF1137,GARRIGA DESCAFEINADO BOLSA 500G 1U,D131,0001,UN,3834,"NESTLE ESPAÑA, S.A.",FC01A3
0CF1138,MOMENT TEA MENTA POLEO 100U,D131,,,,,ZCG
0CF1139,"NESQUIK  13,5G SOBRES 50U",D131,0001,UN,3834,"NESTLE ESPAÑA, S.A.",ZCG
0CF1140,MOMENT TEA MANZANILLA 100U,D131,,,,,ZCG
0CF1141,MOMENT TEA TE VERDE 25U,D131,,,,,ZCG
0CF1142,MOMENT TEA TILA 100U,D131,,,,,ZCG
0CF1143,MOMENT TEA TE ROJO 25U,D131,0001,CAJ,3834,"NESTLE ESPAÑA, S.A.",ZCG
0CF1144,MOMENT TEA TE NEGRO 100U,D131,0001,CAJ,3834,"NESTLE ESPAÑA, S.A.",ZCG
0LI0289,ALBERTSON ABSENTA VERDE 70CL,D131,0001,BOT,15570,"COMERGRUP, S.L.",ZCG
0LI0509,PANIZO ORUJO BLANCO 70CL,D131,0001,UN,30675,ORUJOS PANIZO SL,FA10A2
0LI0510,PANIZO ORUJO HIERBAS 70CL,D131,0001,UN,30675,ORUJOS PANIZO SL,FA10A3
0LI0512,PANIZO ORUJO CAFE 70CL,D131,0001,UN,30675,ORUJOS PANIZO SL,FA10A4
0LI0521,CARDENAL MENDOZA BRANDY  70CL,D131,0001,UN,43264,"HNOS. SANCHEZ ROMATE, SA",ZCG
0LI0538,ULLEIT RYE BOURBON  70CL,D131,0001,UN,35519,"DIAGEO ESPAÑA, S.A.",ZCG
0LI0539,THE GLENROTHES 12AÑOS WHISKY 70CL,D131,0001,UN,42098,"BEAM SUNTORY ESPAÑA BEVERAGES, S.L.",ZCG
0LI0542,ABSOLUT VODKA 1L,D131,0001,UN,36777,"PERNOD RICARD ESPAÑA, SA",ZCG
0LI0598,OLMECA TEQUILA REPOSADO 70CL,D131,0001,BOT,36777,"PERNOD RICARD ESPAÑA, SA",ZCG
0LI0658,BELUGA VODKA 70CL,D131,0001,BOT,35883,IMPORTACIONES Y EXPORTACIONES VARMA,ZCG
0LI0666,GRAPPA NONINO FRIULANA 70CL,D131,0001,BOT,35883,IMPORTACIONES Y EXPORTACIONES VARMA,ZCG
0LI0681,BARCELO IMPERIAL 70CL,D131,0001,BOT,35883,IMPORTACIONES Y EXPORTACIONES VARMA,ZCG
0LI0690,EL MONJE LICOR HIERBAS 70CL,D131,0001,BOT,15570,"COMERGRUP, S.L.",ZCG
0LI0692,JOHNNIE WALKER RED LAB WHISKY 1L,D131,0001,BOT,35519,"DIAGEO ESPAÑA, S.A.",ZCG
0LI0713,HAVANA CLUB ESPECIAL RON 70CL,D131,0001,BOT,36777,"PERNOD RICARD ESPAÑA, SA",ZCG
0LI0718,LAGAR DO FRADE LIMONCELLO PET 3L,D131,0001,BOT,37111,NOR-IBERICA DE BEBIDAS S.L.,ZCG
0LI0719,LAGAR DO FRADE ORUJO DE HIERBAS PET 3L,D131,0001,BOT,37111,NOR-IBERICA DE BEBIDAS S.L.,ZCG
0LI0720,LAGAR DO FRADE CREMA D'ORUJO PET 3L,D131,0001,BOT,37111,NOR-IBERICA DE BEBIDAS S.L.,ZCG
0LI0725,FUNDADOR SHERRY CASK BRANDY 70 CL,D131,0001,BOT,35883,IMPORTACIONES Y EXPORTACIONES VARMA,ZCG
0LI0752,BRUGAL RON DOBLE RESERVA 70cl (i),D131,0001,UN,42098,"BEAM SUNTORY ESPAÑA BEVERAGES, S.L.",ZCG
0LI0909,MACHAQUITO ANIS DULCE 1L,D131,0001,BOT,42098,"BEAM SUNTORY ESPAÑA BEVERAGES, S.L.",ZCG
0LI0922,XORIGUER GINEBRA 70CL,D131,0001,BOT,9409,"MIGUEL PONS JUSTO, S.A.",ZCG
0LI0963,"TANQUERAY GIN 0,0 70CL",D131,0001,BOT,35519,"DIAGEO ESPAÑA, S.A.",ZCG
0LI0968,GLEN GRANT ARBORALIS WHISKY 70CL,D131,0001,BOT,37039,"CAMPARI ESPAÑA, S.L.",ZCG
0LI0974,JACK DANIELS TENNESSEE FIRE WHISKY 70CL,D131,0001,BOT,43458,"BROWN-FORMAN, SL",ZCG
0LI0981,LAGAR DO FRADE AGUARDIENTE BLANCO 3L PET,D131,0001,BOT,37111,NOR-IBERICA DE BEBIDAS S.L.,ZCG
0LI0982,LAGAR DO FRADE ORUJO DE CAFE 3L PET,D131,0001,BOT,37111,NOR-IBERICA DE BEBIDAS S.L.,ZCG
0LI0998,TERRAS CELTAS LICOR DE HIERBAS 70CL,D131,0001,UN,35883,IMPORTACIONES Y EXPORTACIONES VARMA,ZCG
0LI1137,TEICHENNE LICOR CREMA FRESA TEQUILA 70CL,D131,0001,UN,37234,BAÑO ORBEZO S.L.,ZCG
0LI1138,TERRAS CELTAS LICOR CREMA 70CL,D131,0001,UN,35883,IMPORTACIONES Y EXPORTACIONES VARMA,ZCG
0LI1361,JOSE CUERVO TEQUILA ESP REPOSADO 70CL,D131,0001,UN,36778,ZAMORA COMPANY ESPAÑA SL,ZCG
0LI1592,EL AFILADOR LICOR HIERBAS 70CL,D131,,,,,ZCG
0LI1680,KICK THE RULES CREMA MANGO TEQUILA 70CL,D131,0001,UN,35883,IMPORTACIONES Y EXPORTACIONES VARMA,ZCG
0LI1681,KICK THE RULES CREMA FRESA TEQUILA 70CL,D131,0001,UN,35883,IMPORTACIONES Y EXPORTACIONES VARMA,ZCG
0LI1709,RIVES LICOR DE MORA 70CL,D131,0001,UN,41687,RIVES DISTILLERY COMERCIAL S.A.,ZCG
0LI1858,HENDRICK'S FLORA ADORA GIN 70CCL,D131,0001,UN,35883,IMPORTACIONES Y EXPORTACIONES VARMA,ZCG
0LI1936,CURAÇAO BLUE BOLS 70CL,D131,0001,UN,42098,"BEAM SUNTORY ESPAÑA BEVERAGES, S.L.",ZCG
0LI2207,PUERTO DE INDIAS SWEET MELON 70CL,D131,0001,UN,37125,"KARMO SPIRIT, S.L.U.",ZCG
0LI2412,DECANO RON BEBIDA ESPIRITUOSA 1L,D131,0001,UN,36779,LUIS CABALLERO COMERCIAL Y DISTRIBU,ZCG
0LI2466,BEEFEATER BLACK GIN 70CL,D131,0001,UN,36777,"PERNOD RICARD ESPAÑA, SA",ZCG
0LI2478,TIO PEDRO BRANDY 1L,D131,0001,UN,15570,"COMERGRUP, S.L.",ZCG
0LI2479,HIGHLANDER SCOTCH WHISKY 1L,D131,0001,UN,15570,"COMERGRUP, S.L.",ZCG
0LI2482,CAN NADAL ANIS DULCE 3L,D131,0001,UN,15570,"COMERGRUP, S.L.",ZCG
0LI2490,BAN PIPPERMINT 1L,D131,0001,UN,15570,"COMERGRUP, S.L.",ZCG
0LI2518,BEEFEATER SIN ALCOHOL GIN 70CL,D131,0001,BOT,36777,"PERNOD RICARD ESPAÑA, SA",ZCG
0LI2530,RUSHKINOFF VODKA HOSTELERIA 1L,D131,0001,UN,15570,"COMERGRUP, S.L.",ZCG
0LI2544,BRAVE HEART WHISKY HOSTELERIA 1L,D131,0001,UN,15570,"COMERGRUP, S.L.",ZCG
0LI2545,PALMBRIDGE GIN HOSTELERIA 1L,D131,0001,UN,15570,"COMERGRUP, S.L.",ZCG
0LI2580,"SEAGRAM'S GIN 0,0 70CL",D131,0001,UN,36777,"PERNOD RICARD ESPAÑA, SA",ZCG
0LI2585,TOMATIN 12A WHISKY 70CL,D131,0001,UN,15570,"COMERGRUP, S.L.",ZCG
0LI2587,TOMATIN LEGACY WHISKY 70CL,D131,0001,UN,15570,"COMERGRUP, S.L.",ZCG
0LI2591,LA COFRADIA TEQUILA REPOSADO 70CL,D131,0001,UN,15570,"COMERGRUP, S.L.",ZCG
0LI2595,MACARONESIAN GIN 70CL,D131,0001,UN,35883,IMPORTACIONES Y EXPORTACIONES VARMA,ZCG
0LI2631,TOMATIN 12A WHISKY SHERRY 70CL,D131,0001,UN,15570,"COMERGRUP, S.L.",ZCG
0LI2672,CAIMAN TRIPLE SECO  1L 1U,D131,0001,UN,15570,"COMERGRUP, S.L.",ZCG
0LI2678,TAPADA LICOR DE HIERBAS 3L 1U,D131,0001,UN,15570,"COMERGRUP, S.L.",ZCG
0LI2687,P-BAILEYS ORI.CREMA WHISKY 1L,D131,0001,UN,15570,"COMERGRUP, S.L.",ZCG
0LI2688,P-BALLANTINE'S 1L,D131,0001,UN,15570,"COMERGRUP, S.L.",ZCG
0LI2689,P-PUERTO DE INDIAS FRESA 70CL,D131,0001,UN,15570,"COMERGRUP, S.L.",ZCG
0LI2690,P-BOMBAY SAPPHIRE AZUL 70CL,D131,0001,UN,15570,"COMERGRUP, S.L.",ZCG
0LI2691,P-BACARDI CARTA BLANCA 1L,D131,0001,UN,15570,"COMERGRUP, S.L.",ZCG
0LI2692,P-BAILEYS ORIG.CREMA WH 70CL,D131,0001,UN,15570,"COMERGRUP, S.L.",ZCG
0LI2693,P-MAGNO 70CL,D131,0001,UN,15570,"COMERGRUP, S.L.",ZCG
0LI2695,P-BALLANTINE'S 70CL,D131,0001,UN,15570,"COMERGRUP, S.L.",ZCG
0LI2696,P-BARCELO AÑEJO 70CL,D131,0001,UN,35883,IMPORTACIONES Y EXPORTACIONES VARMA,ZCG
0LI2697,P-ANIS DEL MONO DULCE 70CL,D131,0001,UN,15570,"COMERGRUP, S.L.",ZCG
0LI2698,P-BRUGAL AÑEJO 70CL,D131,0001,UN,15570,"COMERGRUP, S.L.",ZCG
0LI2704,P-ABSOLUT VODKA 70CL,D131,0001,UN,15570,"COMERGRUP, S.L.",ZCG
0LI2725,P-MARTINI ROSSO 1L (r),D131,0001,UN,35204,"BACARDI ESPAÑA,S.A.",ZCG
0LI2729,P-ABSOLUT VODKA 1L 1U,D131,0001,UN,15570,"COMERGRUP, S.L.",ZCG
0LI2730,P-BEEFEATER 1L 1U,D131,0001,UN,15570,"COMERGRUP, S.L.",ZCG
0LI2732,BAILEYS ORIGINAL CREMA WHISKY 70CL 6U,D131,,,,,ZCG
0LI2734,JOHNNIE WALKER RED WHISKY 70CL 6U,D131,,,,,ZCG
0LM01002,D PALILLO CAÑAS PAPEL SPIRAL 6X230m 250U,D131,0001,CAJ,43417,"BADAREGAL, SA",ZCG
0LM0531,ZUM INSECTICIDA 1 ANY 650Ml,D131,0001,UN,15570,"COMERGRUP, S.L.",ZCG
0LM0545,SERV.KANGUR BL.1C.34X40 50 Un.,D131,0001,UN,34351,GOMA CAMPS SAU,ZCG
0LM0556,BALNIC DETERG. CONC. FLORAL 5KG,D131,0001,UN,30672,DDI PROVEA S.L (CENTRAL),ZCG
0LM0572,QUID PLATO DOBLE 15X7CM SELECT 12U,D131,0001,CAJ,24325,"ADI HOGAR Y HOSTELERÍA IBERIA, S.L.",ZCG
0LM0583,SANTEX GUANTES NITRILO S/POLV NEGRO T L,D131,0001,CAJ,43786,"SANTEX 2000 INTERNACIONAL, SL",ZCG
0LM0584,SANTEX GUANTES NITRILO S/POLV NEGRO T M,D131,0001,CAJ,43786,"SANTEX 2000 INTERNACIONAL, SL",ZCG
0LM0588,DPALILLO CAÑAS RAYAS ESPIR COLORS 200X6,D131,0001,UN,43417,"BADAREGAL, SA",ZCG
0LM0599,LEJIA+DETERG L'ESPURNA 2L 6U,D131,0001,CAJ,15570,"COMERGRUP, S.L.",ZCG
0LM0647,QUID PAPEL ANTIGRASA PARA PRESENTACION 3,D131,0001,UN,24325,"ADI HOGAR Y HOSTELERÍA IBERIA, S.L.",ZCG
0LM0661,GC TOALLA MANO 2C.200x230 20U,D131,0001,CAJ,34351,GOMA CAMPS SAU,ZCG
0LM0663,TECNOPACKING BLOC HOST TRIPLIC 10x15 10U,D131,0001,PAK,13419,"TECNOPACKING, S.L.",ZCG
0LM0676,DPALILLO QUALITY TOALLA LIMON 6x8cM 100U,D131,0001,PAK,43417,"BADAREGAL, SA",ZCG
0LM0678,GC.P&P SERVILLETAS 2C. BLANCO 40X40 100U,D131,0001,UN,34351,GOMA CAMPS SAU,ZCG
0LM0685,TECNOPACK BOLSA KRAFT VENT9+5X29CM 1000U,D131,0001,CAJ,13419,"TECNOPACKING, S.L.",ZCG
0LM0690,DON PALILLO TENEDOR DE MADERA 16CM 100U,D131,0001,CAJ,43417,"BADAREGAL, SA",ZCG
0LM0694,D PALILLO SET Nº1(CUB MADER+SERV+PAL)50U,D131,0001,CAJ,43417,"BADAREGAL, SA",ZCG
0LM0699,DON PALILLO CUCHARA MADERA 16CM 100U,D131,0001,PAK,43417,"BADAREGAL, SA",ZCG
0LM0735,DON PALILLO BROCHETA MADERA 25CM 10X100U,D131,0001,PAK,43417,"BADAREGAL, SA",ZCG
0LM0736,DON PALILLO BROCHETA 10CM 15X200U,D131,0001,PAK,43417,"BADAREGAL, SA",ZCG
0LM0749,ENSALADERA CARTON + TAPA PET 500ML 25U,D131,0001,PAK,43447,"COMERCIAL GEMAVI IMPORT, SL",ZCG
0LM0750,SALSERA+TAPA FIBRA DE CAÑA 70cc 100U,D131,0001,PAK,43447,"COMERCIAL GEMAVI IMPORT, SL",ZCG
0LM0764,RUBBEREX GUANTES NITRILO TALLA M 1 PAR,D131,0001,UN,15570,"COMERGRUP, S.L.",ZCG
0LM0769,BALNIC DETERGENTE LAVADORA LIQ TEXTIL 5k,D131,0001,UN,30672,DDI PROVEA S.L (CENTRAL),ZCG
0LM0781,MACOPAL B. ALUM. POLLO REDONDA206x55 100,D131,0001,PAK,40130,MACOPAL S.L.,ZCG
0LM0782,MACOPAL TAPA B ALUM POLLO RED 206x55 100,D131,0001,PAK,40130,MACOPAL S.L.,ZCG
0LM0784,DPALILLO SET Nº7(TEND+CUCHILL+SERV)MAD50,D131,0001,UN,43417,"BADAREGAL, SA",ZCG
0LM0787,MACOPAL BANDEJA 18 CANELONES 50U,D131,0001,CAJ,40130,MACOPAL S.L.,ZCG
0LM0789,EVERSIA BOLSA CAMISETA BIO 34X48 220U,D131,0001,UN,21440,"EVERSIA, S.A",ZCG
0LM0790,"DPALILLO AGITADOR MADERA 110x6x1,5 500U",D131,0001,PAK,43417,"BADAREGAL, SA",ZCG
0LM0794,"PORTAMENU FIBRA DE CAÑA 18,5x13,5 50U",D131,0001,PAK,43447,"COMERCIAL GEMAVI IMPORT, SL",ZCG
0LM0795,MACOPAL TAPA BANDEJA 18 CANELONS   50U,D131,0001,CAJ,40130,MACOPAL S.L.,ZCG
0LM0796,MACOPAL BANDEJA 24 CANELONES 50U,D131,0001,CAJ,40130,MACOPAL S.L.,ZCG
0LM0797,MACOPAL TAPA BANDEJA 24 CANELONES 50U,D131,0001,CAJ,40130,MACOPAL S.L.,ZCG
0LM0819,"ARTISAN CUCHILLO CARNE  11,5CM 6U",D131,0001,CAJ,24325,"ADI HOGAR Y HOSTELERÍA IBERIA, S.L.",ZCG
0LM0826,PLA PALO ALUM DE MOPA/FREG/ESC 150CMX22M,D131,0001,UN,15570,"COMERGRUP, S.L.",ZCG
0LM0830,ENSALADERA KRAFT+TAPA PET 750ML 25U,D131,0001,CAJ,43447,"COMERCIAL GEMAVI IMPORT, SL",ZCG
0LM0831,ENSALADERA KRAFT+TAPA PET 1000ML 25U,D131,0001,CAJ,43447,"COMERCIAL GEMAVI IMPORT, SL",ZCG
0LM0833,BARQUETA CONICA FRITOS KRAFT400ML 100U,D131,0001,CAJ,43447,"COMERCIAL GEMAVI IMPORT, SL",ZCG
0LM0842,CAÑAS PAPEL BIO KRAFT (IND)200X6MM 100U,D131,0001,CAJ,43447,"COMERCIAL GEMAVI IMPORT, SL",ZCG
0LM0917,QUIDCUCHILLO MESA INOX HOTEL 217MM 12U,D131,0001,CAJ,24325,"ADI HOGAR Y HOSTELERÍA IBERIA, S.L.",ZCG
0LM0924,GC MANTEL CAMINO MESA BURDE 41SER,D131,0001,UN,34351,GOMA CAMPS SAU,ZCG
0LM0940,TAPA VASO CAFE L 125ML  100U,D131,0001,CAJ,13419,"TECNOPACKING, S.L.",ZCG
0LM0947,POLASAL SAL PASTILLA 25 KG DESCALCIF,D131,0001,UN,15570,"COMERGRUP, S.L.",ZCG
0LM0951,FLOQUET LLEJIA 2L  6U,D131,0001,CAJ,15570,"COMERGRUP, S.L.",ZCG
0LM0958,MAXI SALSERA+TAPA TRANS 50U,D131,0001,UN,15570,"COMERGRUP, S.L.",ZCG
0LM0971,SANTEX GUANTES NITRILO S/POLVO AZUL T P,D131,0001,UN,43786,"SANTEX 2000 INTERNACIONAL, SL",ZCG
0LM0972,SANTEX GUANTES NITRILO S/POLVO AZUL T M,D131,0001,UN,43786,"SANTEX 2000 INTERNACIONAL, SL",ZCG
0LM0998,PLATO FIBRA DE CAÑA 15CM 50U,D131,0001,PQ,43447,"COMERCIAL GEMAVI IMPORT, SL",ZCG
0LM1008,SANYTOL LIMPIADOR DESINF.MULTI PULV 750M,D131,0001,UN,15570,"COMERGRUP, S.L.",ZCG
0LM1009,SANYTOL LIMPIAHOGAR DESINFECTANTE 1200ML,D131,0001,UN,15570,"COMERGRUP, S.L.",ZCG
0LM1011,SANYTOL LIMPIADOR DESINF.BAÑOS PULV 750M,D131,0001,UN,15570,"COMERGRUP, S.L.",ZCG
0LM1012,SANYTOL LIMPIADOR DESINF.COCINA PULV 750,D131,0001,UN,15570,"COMERGRUP, S.L.",ZCG
0LM1020,WC NET LEJÍA GEL 750ML+50GR,D131,0001,UN,15570,"COMERGRUP, S.L.",ZCG
0LM1026,WC NET DESATASCADOR TURBO 1000ML + 50%,D131,0001,UN,15570,"COMERGRUP, S.L.",ZCG
0LM1027,GC-NATURE SERVILL.2C RECICLDO 20X20 100U,D131,0001,UN,34351,GOMA CAMPS SAU,ZCG
0LM1028,GC SERVILLETAS COCTL 2C.BLANC 20X20 100U,D131,0001,UN,34351,GOMA CAMPS SAU,ZCG
0LM1029,GC MANTELES NEGRO 1C 30X40 500U,D131,0001,CAJ,34351,GOMA CAMPS SAU,ZCG
0LM1031,RESSOL BAYETA MULTIUSOS AMARILLA40x36 3U,D131,0001,UN,15570,"COMERGRUP, S.L.",ZCG
0LM1032,RESSOL BAYETA MICROFIBRA WON.AZ.40x30 6U,D131,0001,UN,15570,"COMERGRUP, S.L.",ZCG
0LM1033,RESSOL BAYETA MICROFIBRA GRIS 40x38 10U,D131,0001,UN,15570,"COMERGRUP, S.L.",ZCG
0LM1037,RESSOL FREGONA TIRAS TELA 28CM,D131,0001,UN,15570,"COMERGRUP, S.L.",ZCG
0LM1042,DPALILLO CAÑAS NEGRA COCTEL 8x150 250U,D131,0001,UN,43417,"BADAREGAL, SA",ZCG
0LM1048,PLATO POSTRE 19CM GLACIAL 12U,D131,0001,CAJ,24325,"ADI HOGAR Y HOSTELERÍA IBERIA, S.L.",ZCG
0LM1049,CUCURUCHO PARA PATATAS (MEDIANO) 50U,D131,0001,CAJ,43447,"COMERCIAL GEMAVI IMPORT, SL",ZCG
0LM1051,DON PALILLO CAÑAS BIO PAPEL KRAFT 6X200M,D131,0001,UN,43417,"BADAREGAL, SA",ZCG
0LM1107,BARQUETA CONICA KRAFT 300M 100U,D131,0001,CAJ,43447,"COMERCIAL GEMAVI IMPORT, SL",ZCG
0LM1108,CAJA BURGER KRAFT GRANDE 150X150 70-50U,D131,0001,CAJ,43447,"COMERCIAL GEMAVI IMPORT, SL",ZCG
0LM1143,SANTEX GUANTES NITRILO S/POLVO AZUL T G,D131,0001,UN,43786,"SANTEX 2000 INTERNACIONAL, SL",ZCG
0LM1158,GC SERV.MINI SERVICIO BLC 1C.17x17 400U,D131,0001,UN,34351,GOMA CAMPS SAU,ZCG
0LM1162,ENVASE RECTANGULAR KRAFT 1000ML 50U,D131,0001,CAJ,43447,"COMERCIAL GEMAVI IMPORT, SL",ZCG
0LM1163,ENVASE RECTANGULAR KRAFT 500ML 50U,D131,0001,CAJ,43447,"COMERCIAL GEMAVI IMPORT, SL",ZCG
0LM1283,BALNIC AMBIENTADOR CONCENTRADO BRISA 5KG,D131,0001,UN,30672,DDI PROVEA S.L (CENTRAL),ZCG
0LM1505,"NEUTREX LEJIA 1,9L 8U",D131,0001,CAJ,15570,"COMERGRUP, S.L.",ZCG
0LM1518,FINISH LAVAVAJILLAS  25+7U,D131,0001,CAJ,15570,"COMERGRUP, S.L.",ZCG
0LM1613,"ARCOROC BOL PORCELANA CUADRADO 9,5CM 6U",D131,0001,CAJ,24325,"ADI HOGAR Y HOSTELERÍA IBERIA, S.L.",ZCG
0LM1615,"ARCOROC BOL PORCELANA OVALADO 9,5CM 6U",D131,0001,CAJ,24325,"ADI HOGAR Y HOSTELERÍA IBERIA, S.L.",ZCG
0LM1628,"GC DCR MANTELES BURDEOS 1,20X50CM 41U",D131,0001,CAJ,34351,GOMA CAMPS SAU,ZCG
0LM1656,GC  HIGIENICO JUMBO 2C 18U 173M,D131,0001,CAJ,34351,GOMA CAMPS SAU,ZCG
0LM1675,DPALILLO TOALLITAS REFRESCANTES BIO 100U,D131,0001,CAJ,43417,"BADAREGAL, SA",ZCG
0LM1679,DON PALILLO CAÑAS PAPEL BLANCAS6X200 250,D131,0001,UN,43417,"BADAREGAL, SA",ZCG
0LM1680,"DON PALILLO TENEDOR DE MADERA 13,5CM100U",D131,0001,UN,43417,"BADAREGAL, SA",ZCG
0LM1681,DON PALILLO PALILLOS ENV.PAPEL 1000U,D131,0001,UN,43417,"BADAREGAL, SA",ZCG
0LM1682,GC HIGIENICO JUMBO 2C COMPAC ECO 18U,D131,0001,CAJ,34351,GOMA CAMPS SAU,ZCG
0LM1683,GC ECO SECAMANOS 2C 300X184MM 143M 6U,D131,0001,CAJ,34351,GOMA CAMPS SAU,ZCG
0LM1712,BALNIC LAVAVAJILLAS MANUAL PH NEUTRO 5KG,D131,0001,UN,30672,DDI PROVEA S.L (CENTRAL),ZCG
0LM1713,BALNIC LIMPIADOR NEUTRO LIMÓN 5KG,D131,0001,UN,30672,DDI PROVEA S.L (CENTRAL),ZCG
0LM1716,"CUCHILLO STEAK PIZZA 21,2CM 12U",D131,0001,CAJ,24325,"ADI HOGAR Y HOSTELERÍA IBERIA, S.L.",ZCG
0LM1718,GC MINI SERVICIOS 1C 17X17 400U 10PQ,D131,0001,CAJ,34351,GOMA CAMPS SAU,ZCG
0LM1760,LUMINARC JARRA DE AGUA 1L 6U,D131,0001,CAJ,24325,"ADI HOGAR Y HOSTELERÍA IBERIA, S.L.",ZCG
0LM1762,"GC MANTEL ROLLO 1C BLANCO 1,20X100M",D131,0001,UN,34351,GOMA CAMPS SAU,ZCG
0LM1778,HAVANE TENEDOR MESA 12U,D131,0001,CAJ,24325,"ADI HOGAR Y HOSTELERÍA IBERIA, S.L.",ZCG
0LM1785,HAVANE TENEDOR POSTRE 12U,D131,0001,CAJ,24325,"ADI HOGAR Y HOSTELERÍA IBERIA, S.L.",ZCG
0LM1788,CHICOPEE LAVETTE BAYETA AZUL 51x36 25U,D131,0001,UN,34351,GOMA CAMPS SAU,ZCG
0LM1976,BORMIOLI VASO CANALISA 20CL 6U,D131,0001,CAJ,24325,"ADI HOGAR Y HOSTELERÍA IBERIA, S.L.",ZCG
0LM200,GC  ROLLO COCINA MAXI 4U,D131,0001,UN,34351,GOMA CAMPS SAU,ZCG
0LM2310,GC MANTEL TOKYO BLANCO 30x40 500U,D131,0001,CAJ,34351,GOMA CAMPS SAU,ZCG
0LM2317,BALNIC GEL LAVAMANOS NATURE 5L,D131,0001,UN,30672,DDI PROVEA S.L (CENTRAL),ZCG
0LM2319,BALNIC LAVAVAJILLAS MANUAL 1L,D131,0001,UN,30672,DDI PROVEA S.L (CENTRAL),ZCG
0LM2321,GC MANTELES BUEN PROVECHO BURDEOS 30x40,D131,0001,CAJ,34351,GOMA CAMPS SAU,ZCG
0LM2327,GC MANTELES BUEN PROVECHO VERDE 30X40 50,D131,0001,CAJ,34351,GOMA CAMPS SAU,ZCG
0LM2329,ZUM INSECTICIDA INSECTOS VOLADORES 500ML,D131,0001,UN,15570,"COMERGRUP, S.L.",ZCG
0LM2340,GC MANTELES. TOKYO 1C BLANC 30X40 500U,D131,0001,CAJ,34351,GOMA CAMPS SAU,ZCG
0LM2351,SUAO MANTELES KRAFT 30X43 500U,D131,0001,UN,40130,MACOPAL S.L.,ZCG
0LM2389,COPA COÑAC 15CL 12U,D131,0001,CAJ,15570,"COMERGRUP, S.L.",ZCG
0LM2399,ARCOROC COPA HELADO 4CL 6U,D131,0001,CAJ,15570,"COMERGRUP, S.L.",ZCG
0LM2419,MIKRAL ENVAS RECT.BISAGRA 1000-PP-50U,D131,0001,CAJ,40130,MACOPAL S.L.,ZCG
0LM2421,MIKRAL ENVAS RECT.BISAGRA 375-PP-50U,D131,0001,CAJ,40130,MACOPAL S.L.,ZCG
0LM2423,MIKRAL ENVAS RECT.BISAGRA 750-PP-50U,D131,0001,CAJ,40130,MACOPAL S.L.,ZCG
0LM2425,BOLSA AL VACIO TRANSP. 20x30CM 90MC 100U,D131,0001,UN,15570,"COMERGRUP, S.L.",ZCG
0LM2426,BOLSA AL VACIO TRANSP. 30x40CM 90MC 100U,D131,0001,UN,15570,"COMERGRUP, S.L.",ZCG
0LM2430,SUAO P&P SERV KRAFT 1/6 2C 33x40 30U,D131,0001,UN,40130,MACOPAL S.L.,ZCG
0LM2431,BOLSA IND. DE BASURA G120 85x104CM 10U,D131,0001,CAJ,15570,"COMERGRUP, S.L.",ZCG
0LM2432,MIKRAL ENVAS RECT.BISAGRA 500-PP-50U,D131,0001,CAJ,40130,MACOPAL S.L.,ZCG
0LM2434,MIKRAL ENVAS RECT.BISAGRA 250-PP-50U,D131,0001,CAJ,40130,MACOPAL S.L.,ZCG
0LM2435,BOLSAS DE BASURA NEGRA G50 52x58CM  25U,D131,0001,CAJ,15570,"COMERGRUP, S.L.",ZCG
0LM2439,ENVASE TAKE AWAY RECTAN KRAFT 900ML 50U,D131,0001,CAJ,15570,"COMERGRUP, S.L.",ZCG
0LM2445,RECIFLEX BOLSA IND. AZUL G90 85x105 10U,D131,0001,UN,43418,"BEST PLASTIC ECOPACKAGING, SL",ZCG
0LM2451,ENVASE NOODLE KRAFT 500ML 50U,D131,0001,PAK,43447,"COMERCIAL GEMAVI IMPORT, SL",ZCG
0LM2464,MAXI-PRODUCTS BOL FIBRA DE CAÑA 450CC 50,D131,0001,PAK,15570,"COMERGRUP, S.L.",ZCG
0LM2473,RECIFLEX BOLSA IND. VERDE G90 85x105 10U,D131,0001,UN,43418,"BEST PLASTIC ECOPACKAGING, SL",ZCG
0LM2476,EL MAYORDOMO ESPRAY MOPA 1000CC,D131,0001,UN,15570,"COMERGRUP, S.L.",ZCG
0LM2477,MAXI-PRODUCTS PLT OVA FIB CAÑA 26x19 25U,D131,0001,PAK,15570,"COMERGRUP, S.L.",ZCG
0LM2480,RECIFLEX BOLSA IND. AMAR. G90 85x105 10U,D131,0001,UN,43418,"BEST PLASTIC ECOPACKAGING, SL",ZCG
0LM2481,GC HIGIENICO 2C. ECO+495/100M-18U,D131,0001,CAJ,15570,"COMERGRUP, S.L.",ZCG
0LM2482,GC SECAMANOS 2C. 106M 6U,D131,0001,CAJ,15570,"COMERGRUP, S.L.",ZCG
0LM2483,COMBO VASO+TAPA NAT 4OZ 120CC 50U,D131,0001,PAK,15570,"COMERGRUP, S.L.",ZCG
0LM2484,COMBO VASO+TAPA NAT 8OZ 250CC 50U,D131,0001,PAK,15570,"COMERGRUP, S.L.",ZCG
0LM2485,FILM TRANSPARENTE 45x250,D131,0001,UN,15570,"COMERGRUP, S.L.",ZCG
0LM2486,FILM TRANSPARENTE 30x250,D131,0001,UN,15570,"COMERGRUP, S.L.",ZCG
0LM2487,RESMA PAPEL HORNO 40X60 39G 500U,D131,0001,CAJ,15570,"COMERGRUP, S.L.",ZCG
0LM2491,EL MILAGRITO DESENGRASANTE 5L,D131,0001,UN,15570,"COMERGRUP, S.L.",ZCG
0LM2493,GC HIGIENICO 2C. 140S 12U,D131,0001,CAJ,15570,"COMERGRUP, S.L.",ZCG
0LM2496,PAPEL DE ALUMINIO 11 MICRES 29 x 200,D131,0001,UN,15570,"COMERGRUP, S.L.",ZCG
0LM2497,VASO CAFE PAPEL NATURE 4OZ 120CC 50U,D131,0001,PAK,15570,"COMERGRUP, S.L.",ZCG
0LM2498,VASO CAFE+LECHE PAPEL NAT 8OZ 250CC 50U,D131,0001,PAK,15570,"COMERGRUP, S.L.",ZCG
0LM2499,DOAL PAPEL VEGETAL HORNO 8M 1U,D131,0001,UN,15570,"COMERGRUP, S.L.",ZCG
0LM2501,BOLSA KRAFT C/ASA 32x26CM 50U,D131,0001,UN,15570,"COMERGRUP, S.L.",ZCG
0LM2505,VASO CORTADO DE PAPEL NATURE 7oz 20CL 50,D131,0001,TIR,15570,"COMERGRUP, S.L.",ZCG
0LM2514,PAPEL DE ALUMINIO 11 MICRAS 39 x 200 1U,D131,0001,UN,15570,"COMERGRUP, S.L.",ZCG
0LM2533,FERRER KIT BABERO CALÇOTS 12U,D131,,,,,ZCG
0LM2534,SALSERA RED. BISAGRA TRANS. PP 30ML 50U,D131,,,,,ZCG
0LM2535,BARQUETA RECTANGULAR FRITOS KRAFT 100U,D131,,,,,ZCG
0LM2545,BOLSA INDUSTRIAL ROJA G90 85x105  10U,D131,,,,,ZCG
0LM2546,DPALILLO BROCHETA BAMBU 20CM x 100U,D131,,,,,ZCG
0LM2548,DPALILLO BROCHETA BAMBU 15CM x 200U,D131,,,,,ZCG
0LT0009,LETONA GRAN CREME 1L VR 12U,D131,0001,CAJ,17915,GRUPO CACAOLAT S.L.,AC05A2
0LT0020,CACAOLAT ORIGINAL 1L PET 6U,D131,0001,CAJ,17915,GRUPO CACAOLAT S.L.,FA02B1
0LT0021,CACAOLAT MINIBRIK SLIM 20CL P6 24U,D131,0001,CAJ,17915,GRUPO CACAOLAT S.L.,CAMARA
0LT0030,LETONA DESNATADA 0% 1L VR 12U,D131,0001,CAJ,17915,GRUPO CACAOLAT S.L.,BA001A2
0LT0032,CACAOLAT VIDRIO 20CL RET 30U,D131,0001,CAJ,17915,GRUPO CACAOLAT S.L.,AC04A3
0LT0033,"LETONA GRAN CREME PET 1,5L PET 6U",D131,0001,CAJ,17915,GRUPO CACAOLAT S.L.,FA06A3
0LT0034,"LETONA SEMI ESPEC HOSTELERIA PET 1,5L 6U",D131,0001,CAJ,17915,GRUPO CACAOLAT S.L.,FA05A2
0LT0035,"LETONA DESNATADA 0% HOST 1,5L PET 6U",D131,0001,CAJ,17915,GRUPO CACAOLAT S.L.,FA05A3
0LT0036,CACAOLAT VIDRIO 20CL SR 24U,D131,0001,CAJ,17915,GRUPO CACAOLAT S.L.,FA03A2
0LT0063,CHUFI HORCHATA 20CL VNR 12U,D131,0005,CAJ,30453,LACTALIS FOOD SERVICE IBERIA S.L,ZCG
0LT0090,LETONA SEMI SIN LACTOSA 1L PET 6U,D131,0001,CAJ,17915,GRUPO CACAOLAT S.L.,FA02A2
0LT0091,LETONA SEMI ESP.HOST.1L VR 12U,D131,0001,CAJ,17915,GRUPO CACAOLAT S.L.,BA01A1
0LT0093,ATO DESNATADA SIN LACTOSA 1L 6U,D131,0001,CAJ,15570,"COMERGRUP, S.L.",ZCG
0LT0100,YOSOY SOJA 1L BRIK 6U,D131,0001,CAJ,32833,LIQUATS VEGETALS SA,A0DISTRIDA
0LT0101,YOSOY ARROZ 1L BRIK 6U,D131,0001,CAJ,32833,LIQUATS VEGETALS SA,ZCG
0LT0103,YOSOY AVENA BARISTA 1L BRIK 6U,D131,0001,CAJ,32833,LIQUATS VEGETALS SA,FA03A1
0LT0234,LA LEVANTINA SOJA ESPECIAL HOST 1L 6U,D131,0001,CAJ,17915,GRUPO CACAOLAT S.L.,FA02A1
0LT0235,LA LEVANTINA AVENA ESP.HOST 1L 6U,D131,0001,CAJ,17915,GRUPO CACAOLAT S.L.,FA02A2
0LT0292,YOSOY ARROZ+COCO 1L BRIK 6U,D131,0001,CAJ,32833,LIQUATS VEGETALS SA,ZCG
0LT0412,"CACAOLAT ORIGINAL 27,5CL PET 24U",D131,0001,CAJ,17915,GRUPO CACAOLAT S.L.,FA01B1
0LT0437,YOSOY SOJA S/GLUTEN BARISTA 1L BRIK 6U,D131,0001,CAJ,32833,LIQUATS VEGETALS SA,ZCG
0LT0520,LETONA UHT BRIK DESNATADA 1L 6U,D131,0001,CAJ,17915,GRUPO CACAOLAT S.L.,FA02A2
0LT0528,LA LEVANTINA ALMENDRA ESP. HOST 1L 6U,D131,0001,CAJ,17915,GRUPO CACAOLAT S.L.,FA02A3
0LT0534,YOSOY BEBIDA ARROZ+AVELLANAS 1L 6U,D131,0001,CAJ,32833,LIQUATS VEGETALS SA,ZCG
0LT0535,YOSOY BARISTA BEBIDA ALMENDRA 1L 6U,D131,0001,CAJ,32833,LIQUATS VEGETALS SA,ZCG
0RA0119,"DON SIMON SANGRIA 1,5L",D131,,,,,ZCG
0RA0186,SANDEVID TDV LIMON 33CL VNR 24U,D131,0001,CAJ,37812,"PRODUCTOS DE VITICULTURA, S.A.",ZCG
0RA0207,"SANDEVID SPRITZ 27,5CL PACK 12U",D131,0001,CAJ,37812,"PRODUCTOS DE VITICULTURA, S.A.",A0DISTRIDA
0RA0208,SANDEVID SPRITZ ROSCA 75CL PACK 6U,D131,0001,CAJ,37812,"PRODUCTOS DE VITICULTURA, S.A.",A0DISTRIDA
0RF0004,"GEISER SIFON  1,5 L. 6U",D131,0001,CAJ,30460,SANMY SA,DA07A2
0RF0006,FUENTPINOS GASEOSA 50CL RET 20U ,D131,0001,CAJ,30399,PREMIUM MIX GROUP S.L,AC08A3
0RF0010,"LIMON GLAS 1,5 S/R 6U",D131,0001,CAJ,30460,SANMY SA,CA07A1
0RF0012,FUENTPINOS GASEOSA  500 PET 12U,D131,0001,CAJ,30399,PREMIUM MIX GROUP S.L,CA07A2
0RF0014,ZALA GASEOSA 50CL VID. RET 20U,D131,0001,CAJ,30672,DDI PROVEA S.L (CENTRAL),BA02A3
0RF0018,/-COCA COLA ZERO 2L PET 6U,D131,0001,CAJ,22438,"COCA-COLA IBERIAN PARTNERS, S.A",ZCG
0RF0019,/-COCA COLA LATA 33CL 24U,D131,0001,CAJ,22438,"COCA-COLA IBERIAN PARTNERS, S.A",CA04A2
0RF0020,/-FANTA NARANJA LATA 33CL 24U,D131,0001,CAJ,22438,"COCA-COLA IBERIAN PARTNERS, S.A",CA05A3
0RF0021,/-FANTA LIMON LATA 33 CL 24U,D131,0001,CAJ,22438,"COCA-COLA IBERIAN PARTNERS, S.A",CA05A2
0RF0022,/-AQUARIUS LIMON 33CL LATA 24U,D131,0001,CAJ,22438,"COCA-COLA IBERIAN PARTNERS, S.A",CA06A2
0RF0056,/-AQUARIUS NARANJA 33CL LATA 24U,D131,0001,CAJ,22438,"COCA-COLA IBERIAN PARTNERS, S.A",CA06A1
0RF0079,/-COCA COLA ZERO LATA 33CL 24U,D131,0001,CAJ,22438,"COCA-COLA IBERIAN PARTNERS, S.A",CA03A3
0RF0083,/-SPRITE 33CL LATA 24U,D131,0001,CAJ,22438,"COCA-COLA IBERIAN PARTNERS, S.A",ZCG
0RF0124,/-COCA COLA 2L PET 6U,D131,0001,CAJ,22438,"COCA-COLA IBERIAN PARTNERS, S.A",ZCG
0RF0168,/-FANTA NARANJA 2L PET 6U,D131,0001,CAJ,22438,"COCA-COLA IBERIAN PARTNERS, S.A",ZCG
0RF0169,/-FANTA LIMON 2L PET 6U,D131,0001,CAJ,22438,"COCA-COLA IBERIAN PARTNERS, S.A",ZCG
0RF0200,"/-COCA COLA ZERO VR 23,7 24U",D131,0001,CAJ,22438,"COCA-COLA IBERIAN PARTNERS, S.A",ZCG
0RF0287,/-COCA COLA VR237 24U,D131,0001,CAJ,22438,"COCA-COLA IBERIAN PARTNERS, S.A",AC06A1
0RF0292,/-FANTA NARANJA VR237 24U,D131,0001,CAJ,22438,"COCA-COLA IBERIAN PARTNERS, S.A",ZCG
0RF0293,/-FANTA LIMON VR237 24U,D131,0001,CAJ,22438,"COCA-COLA IBERIAN PARTNERS, S.A",ZCG
0RF0332,ZALA GASEOSA 50CL S/R 12U,D131,0001,CAJ,30672,DDI PROVEA S.L (CENTRAL),DA09A1
0RF0337,/-COCA COLA ZERO ZERO 33CL LATA 24U,D131,0001,CAJ,22438,"COCA-COLA IBERIAN PARTNERS, S.A",ZCG
0RF0358,RED BULL ZERO 25CL LATA 24U,D131,0001,CAJ,33003,RED BULL ESPAÑA SL,ZCG
0RF0423,/-SPRITE VR20 24U,D131,0001,CAJ,22438,"COCA-COLA IBERIAN PARTNERS, S.A",ZCG
0RF0445,GEISER LIMONADA 2L SR 6U,D131,0001,CAJ,30460,SANMY SA,A0DISTRIDA
0RF0482,TRINA NARANJA SLEEK 33CL 24U,D131,0001,CAJ,33298,"SCHWEPPES, S.A.",CB05A2
0RF0489,SCHWEPPES TONICA 20CL SR 24U,D131,0001,CAJ,33298,"SCHWEPPES, S.A.",DB05A2
0RF0491,SCHWEPPES LIMON 20CL SR 24U,D131,,,,,ZCG
0RF0576,RED BULL SUGAR FREE 25CL LATA 24U,D131,0001,CAJ,33003,RED BULL ESPAÑA SL,ZCG
0RF0609,RED BULL ENERGY 355ML LATA  24U,D131,0001,CAJ,33003,RED BULL ESPAÑA SL,ZCG
0RF0948,FRITZ-KOLA ORIGINAL 33CL 24U,D131,0001,CAJ,63302,Fritz-kola GmbH,DA01A1
0RF0954,FRITZ NARANJA 33CL 24U,D131,0001,CAJ,63302,Fritz-kola GmbH,DA01A2
0RF0955,FRITZ LIMON 33CL 24U,D131,0001,CAJ,63302,Fritz-kola GmbH,DA02A2
0RF1070,RED BULL WATER MELON 25CL LATA 24U,D131,0001,CAJ,33003,RED BULL ESPAÑA SL,ZCG
0RF1074,RED BULL COCO Y ARANDANOS LT 25CL 24U,D131,0001,CAJ,33003,RED BULL ESPAÑA SL,ZCG
0RF1081,GEISER SIFON  75CL VIDRIO RET 8U,D131,0001,CAJ,30460,SANMY SA,DA07A3
0RF1094,CASA NEGRE GASEOSA 1L VR 10U,D131,0001,CAJ,9022,"CASA NEGRE, S.A.",ZCG
0RF1170,/-SEVEN UP ZERO LATA 33CL 24U,D131,0001,CAJ,33298,"SCHWEPPES, S.A.",ZCG
0RF1618,CASA NEGRE GASEOSA 1/2 VR 20U,D131,0001,CAJ,9022,"CASA NEGRE, S.A.",ZCG
0RF1629,FRITZ-KOLA SUPERZERO 33CL SR 24U,D131,0001,CAJ,63302,Fritz-kola GmbH,DA02A1
0RF1697,/-COCA COLA IMPORT LATA33 24U,D131,0001,CAJ,22438,"COCA-COLA IBERIAN PARTNERS, S.A",CACB04A1
0RF1698,/-COCA COLA ZERO IMPORT LATA33 24U,D131,0001,CAJ,22438,"COCA-COLA IBERIAN PARTNERS, S.A",CB05A3
0RF1709,RED BULL SPRING WOODRGRAPE 25CL 24U,D131,0001,CAJ,33003,RED BULL ESPAÑA SL,ZCG
0VE0023,CASTELL D´ORDAL ROSADO 6U,D131,0005,CAJ,33786,CAVAS J.HILL SL,ZCG
0VE0041,FAUSTINO CRIANZA TINTO 75CL 6U,D131,0001,CAJ,34131,BODEGAS FAUSTINO SL,EA06A3
0VE00464,SOLAR DE ZUNIL ROSADO 75CL 6U,D131,0001,CAJ,30672,DDI PROVEA S.L (CENTRAL),EA08A2
0VE0093,FORTIUS ROSADO 75CL 6U,D131,0001,CAJ,34131,BODEGAS FAUSTINO SL,EC03A3
0VE0106,PORTIA ROBLE 75CL 6U,D131,0001,CAJ,34131,BODEGAS FAUSTINO SL,EA06B2
0VE0197,MONTERIO BLANCO S.R. 75CL 12U,D131,0001,CAJ,34131,BODEGAS FAUSTINO SL,EC06A2
0VE0198,MONTERIO TINTO S.R. 75CL 12U,D131,0001,CAJ,34131,BODEGAS FAUSTINO SL,EA07A2
0VE0325,VALDESPINO JEREZ SECO 1L 1U,D131,0001,UN,37127,"JOSE ESTEVEZ, S.A.",ZCG
0VE0398,PORTIA PRIMA 75CL 6U,D131,0001,CAJ,34131,BODEGAS FAUSTINO SL,A0DISTRIDA
0VE0403,MARQUES VITORIA CRIANZA 75CL 6U,D131,0001,CAJ,34131,BODEGAS FAUSTINO SL,A0DISTRIDA
0VE0448,ESPINALER-VERMUT BLANCO 5L,D131,0001,UN,13667,ESPINALER 1896 SL,ZCG
0VE0463,SOLAR DE ZUNIL TINTO 75CL 6U,D131,0001,CAJ,30672,DDI PROVEA S.L (CENTRAL),EA08A2
0VE0465,SOLAR DE ZUNIL BLANCO 75CL 6U,D131,0001,CAJ,30672,DDI PROVEA S.L (CENTRAL),EA08A1
0VE0503,VINYA DEL JEP TINTO 75CL 6U,D131,0001,CAJ,30672,DDI PROVEA S.L (CENTRAL),EC03A3
0VE0504,VINYA DEL JEP BLANCO 75CL 6U,D131,,,,,ZCG
0VE0506,HALLAZGO JOVEN 75CL 6U,D131,0001,CAJ,30672,DDI PROVEA S.L (CENTRAL),EC06A1
0VE0507,HALLAZGO CRIANZA 75CL 6U,D131,0001,CAJ,30672,DDI PROVEA S.L (CENTRAL),EC06A2
0VE0524,SEÑORIO DE LIZIA VERDEJO RUEDA 75CL 6U,D131,0001,CAJ,30672,DDI PROVEA S.L (CENTRAL),EC07A3
0VE0530,RECAREDO TERRES BRUT NATURE 75CL 1U,D131,0001,UN,37192,"RECAREDO MATA CASANOVAS, S.A.",ZCG
0VE0531,PRIOR  BLANCO VERDEJO 75CL 6U,D131,0001,CAJ,30672,DDI PROVEA S.L (CENTRAL),EA08B3
0VE0532,PRIOR BOBAL ROSADO 75CL 6U,D131,0001,CAJ,30672,DDI PROVEA S.L (CENTRAL),EC08A1
0VE0533,PRIOR TINTO TEMPRANILLO 75CL 6U,D131,0001,CAJ,30672,DDI PROVEA S.L (CENTRAL),EA07A2
0VE0542,IRREVERENTE TINTO JOVEN 75CL 6U,D131,0001,CAJ,30672,DDI PROVEA S.L (CENTRAL),EC07A1
0VE0543,IRREVERENTE TINTO ROBLE 75CL 6U,D131,0001,CAJ,30672,DDI PROVEA S.L (CENTRAL),EC07A2
0VE0544,IRREVERENTE TINTO CRIANZA 75CL 6U,D131,0001,CAJ,30672,DDI PROVEA S.L (CENTRAL),EC06A3
0VE0666,PORTIA VERDEJO 75CL 6U,D131,0001,CAJ,34131,BODEGAS FAUSTINO SL,EA08B1
0VE0704,ESPINALER VERMUT VINTAGE 50CL 6U,D131,0001,CAJ,13667,ESPINALER 1896 SL,ZCG
0VE0945,SEÑORIO DE LAZOIRO 75CL 6U,D131,0001,CAJ,30672,DDI PROVEA S.L (CENTRAL),EA08B1
0VE0973,FINCA LOS TRENZONES VERDEJO 75CL 6U,D131,0001,CAJ,34131,BODEGAS FAUSTINO SL,EA07A3
0VE1004,CAMPILLO TINTO CRIANZA 75CL 6U,D131,0001,CAJ,34131,BODEGAS FAUSTINO SL,A0DISTRIDA
0VE1040,QUINTA DE TARSUS CRIANZA 75CL,D131,0001,UN,36777,"PERNOD RICARD ESPAÑA, SA",ZCG
0VE1062,GATA NEGRA TINTO JOVEN 75CL 6U,D131,0001,CAJ,34303,DE HAAN ALTES SL,A0DISTRIDA
0VE1063,GATA BLANCA BLANCO JOVEN  75CL 6U,D131,0001,CAJ,34303,DE HAAN ALTES SL,A0DISTRIDA
0VE1064,MARQUES VITORIA VERDEJO 75CL  6U,D131,0001,CAJ,34131,BODEGAS FAUSTINO SL,A0DISTRIDA
0VE1403,MARQUES VITORIA TINTO JOVEN 75CL  6U,D131,0001,CAJ,34131,BODEGAS FAUSTINO SL,EC02B2
0VE1410,ALLUE CAVA BRUT NATURE 75CL 6U,D131,0001,CAJ,30672,DDI PROVEA S.L (CENTRAL),EA08A1
0VE1419,EL COTO TINTO CRIANZA 75CL 1U,D131,0001,UN,38577,"EL COTO DE RIOJA, S.A.",ZCG
0VE1426,VINYES BON CEP BLANCO BOX 15L+GRIFO,D131,0001,UN,43437,"MAIEUTIKÉ WINERY, SL",ZCG
0VE1428,VINYES BON CEP TINTO BOX 15L+GRIFO,D131,0001,UN,43437,"MAIEUTIKÉ WINERY, SL",ZCG
0VE1429,YZAGUIRRE RESERVA VERMOUTH BLANCO 1L 1U,D131,0001,UN,35883,IMPORTACIONES Y EXPORTACIONES VARMA,ZCG
0VE1446,YZAGUIRRE CLASICO ROJO 1L+ VASOS 6U,D131,0001,CAJ,35883,IMPORTACIONES Y EXPORTACIONES VARMA,ZCG
0VE1448,VINYES BON CEP MOSCATEL BOX 15L+GRIFO,D131,0001,UN,43437,"MAIEUTIKÉ WINERY, SL",ZCG
0VE2132,MONTERIO BLANCO ROSCA 6U,D131,0001,CAJ,34131,BODEGAS FAUSTINO SL,EA0701
0VE2133,MONTERIO TINTO ROSCA 75CL 6U,D131,0001,CAJ,34131,BODEGAS FAUSTINO SL,EA01A1
0VE2200,TORRACOLLONS BLANCO 75CL 6U,D131,0001,CAJ,37885,EUROALIMENT P.A.C. SLU,EA05A2
0VE2202,TORRACOLLONS TINTO 75CL 6U,D131,0001,CAJ,37885,EUROALIMENT P.A.C. SLU,A0DISTRIDA
0VE2267,MARQUES DE VARGAS RESERVA 2020 75CL 1U,D131,,,,,ZCG
0VE2592,BLANC PESCADOR BLANCO AGUJA 75CL 1U,D131,0001,UN,37047,"PERELADA COMERCIAL, S.A.",ZCG
0VE2594,VIÑA ESMERALDA BLANCO 75CL 1U,D131,0001,UN,43430,"BODEGAS TORRES, SL",ZCG
0VE2595,VIÑA SOL BLANCO 75CL 1U,D131,0001,UN,43430,"BODEGAS TORRES, SL",ZCG
0VE2600,VIÑACHY ESPUMOSO ROSADO 75CL,D131,,,,,ZCG
0VE2601,VIÑACHY ESPUMOSO BLANCO 75CL,D131,,,,,ZCG
0VE2606,SYNERA BLANCO D.O.CATALUNYA 75CL 1U,D131,0001,UN,31184,ROQUETA ORIGEN SLU,ZCG
0VE2607,TORRES DE CASTA ROSADO DO.CATALUNYA 75CL,D131,,,,,ZCG
0VE2621,VIÑA POMAL TINTO RESERVA 75CL 1U,D131,0001,UN,18009,"CODORNIU, S.A.",ZCG
0VE2625,PROTOS TINTO JOVEN 75CL 1U,D131,0001,UN,43435,"BODEGAS PROTOS, SL",ZCG
0VE2628,TORELLO CAVA BRUT NATURE 75CL 1U,D131,0001,UN,38580,"TORELLO LLOPART, S.A.",ZCG
0VE2629,GRAMONA BRUT IMPERIAL 75CL 1U,D131,0001,UN,31748,"GRAMONA, S.A.",ZCG
0VE2634,FREIXENET ICE ROSE 75CL 1U,D131,,,,,ZCG
0VE2636,CODORNIU BENJAMIN SECO 20CL PACK 3,D131,,,,,ZCG
0VE2639,CANALS I NUBIOLA TINTO 75CL 1U,D131,,,,,ZCG
0VE2640,CANALS I NUBIOLA BLANCO SECO 75CL 1U,D131,,,,,ZCG
0VE2643,EL COTO BLANCO D.O. RIOJA 75CL 1U,D131,0001,UN,38577,"EL COTO DE RIOJA, S.A.",ZCG
0VE2738,ANTAÑO TINTO JOVEN 75CL 1U,D131,0001,UN,21701,J.GARCIA CARRION S.A.,ZCG
0VE2741,HERETAT PADRUELL BRUT NATURE 75CL 1U,D131,0001,UN,21701,J.GARCIA CARRION S.A.,ZCG
0VE2851,GRAN DUQUE BLANCO 1L BRIK 12U,D131,0001,CAJ,31116,"LOPEZ MORENAS,S.L",ZCG
0VE2852,GRAN DUQUE TINTO 1L BRIK 12U,D131,0001,CAJ,31116,"LOPEZ MORENAS,S.L",ZCG
0VE2947,LAGAR DO FRADE ALBARIÑO 75CL 1U,D131,,,,,ZCG
0VE3233,CASA MARIOL VERMUT BLANCO C 1LT,D131,0001,UN,40706,CELLER MARIOL SL,EC03A1
0VE3241,CASA MARIOL VINO SYRAH RESERVA 75CL 6U,D131,0001,CAJ,40706,CELLER MARIOL SL,EC03B2
0VE3248,CASA MARIOL VINO GARNATXA TINTO 75CL 6U,D131,0001,CAJ,40706,CELLER MARIOL SL,EC03B3
0VE3263,IRREVERENTE VERMUT RESERVA 1L 1U,D131,0001,UN,30672,DDI PROVEA S.L (CENTRAL),AA0049
0VE3310,CAMPILLO VERDEJO SOBRE LIAS 75CL 6U,D131,0001,CAJ,34131,BODEGAS FAUSTINO SL,A0DISTRIDA
0VE3311,MAESTRI DEL CASELE LAMBRUSCO ROSADO 75CL,D131,0001,UN,7360,"MIQUEL ALIMENTACIO GRUP, S.A.",ZCG
0VE4924,AC COSTA DAS DORNAS 75CL 6U,D131,0001,CAJ,33705,VILLANUEVA DE BEBIDAS SL,A0DISTRIDA
0VE4961,HEREDAD IBIAN RIOJA TINTO 75CL 6U,D131,0001,CAJ,30672,DDI PROVEA S.L (CENTRAL),A0DISTRIDA
0VE4962,HALLAZGO BLANCO JOVEN 75CL 6U,D131,0001,CAJ,30672,DDI PROVEA S.L (CENTRAL),EC03A3
0VE5041,HEREDAD IBIAN RIOJA CRIANZA 75CL 6U,D131,0001,CAJ,30672,DDI PROVEA S.L (CENTRAL),A0DISTRIDA
0VE5073,SOLAR SAMANIEGO CRIANZA BEL 75CL 6U,D131,0001,CAJ,47731,GRUPO SOLAR DE SAMANIEGO SL,A0DISTRIDA
0VE5153,VINYES BON CEP VERMUT NEGRO BOX 15L,D131,0001,UN,43437,"MAIEUTIKÉ WINERY, SL",ZCG
0VE5154,VINYES BON CEP VINO RANCIO BOX 15L,D131,0001,UN,43437,"MAIEUTIKÉ WINERY, SL",ZCG
0VE5250,GRANZA ROSADO ECO 75CL 6U,D131,0001,CAJ,41713,BODEGA MATARROMERA S.L.,A0DISTRIDA
0VE5251,GRANZA VERDEJO ECO 75CL 6U,D131,0001,CAJ,41713,BODEGA MATARROMERA S.L.,A0DISTRIDA
0ZU0006,GRANINI NARANJA 33CL PET 12U,D131,0001,CAJ,1172,"ECKES GRANINI IBERICA, S.A.",ZCG
0ZU0020,GRANINI MELOCOTON  20CL 24U,D131,0001,CAJ,1172,"ECKES GRANINI IBERICA, S.A.",DA09A1
0ZU0021,GRANINI NARANJA 20CL 24U,D131,0001,CAJ,1172,"ECKES GRANINI IBERICA, S.A.",DA09A2
0ZU0024,GRANINI PIÑA 20CL 24U,D131,0001,CAJ,1172,"ECKES GRANINI IBERICA, S.A.",DA09A3
0ZU0031,JUVER NECTAR MELOCOTON 20CL 24U,D131,0001,CAJ,30451,"JUVER ALIMENTACION, S.L.",ZCG
0ZU0032,JUVER NECTAR PIÑA 20CL 24U,D131,0001,CAJ,30451,"JUVER ALIMENTACION, S.L.",ZCG
0ZU0110,GRANINI POMELO ROSA 1L PET 6U,D131,0001,CAJ,1172,"ECKES GRANINI IBERICA, S.A.",ZCG
0ZU0112,JUVER NARANJA 850ML 12U,D131,0001,CAJ,30451,"JUVER ALIMENTACION, S.L.",ZCG
0ZU0127,JUVER TOMATE 1L BRIK 12U,D131,0001,CAJ,30451,"JUVER ALIMENTACION, S.L.",ZCG
0ZU0128,JUVER ZUMO MANZANA 20CL 24U,D131,0001,CAJ,30451,"JUVER ALIMENTACION, S.L.",ZCG
0ZU0217,PAGO COCTEL DE FRESA  20CL SR 12U,D131,0001,CAJ,1172,"ECKES GRANINI IBERICA, S.A.",ZCG
0ZU0218,PAGO MANGO MARACUYA 20CL SR 12U,D131,0001,CAJ,1172,"ECKES GRANINI IBERICA, S.A.",ZCG
0ZU0219,PAGO PERA  20CL SR 12U,D131,0001,CAJ,1172,"ECKES GRANINI IBERICA, S.A.",ZCG
0ZU0220,PAGO TOMATE  20CL SR 12U,D131,0001,CAJ,1172,"ECKES GRANINI IBERICA, S.A.",ZCG
0ZU0221,PAGO PIÑA 1L PET 6U,D131,0001,CAJ,1172,"ECKES GRANINI IBERICA, S.A.",ZCG
0ZU0230,PAGO ZUMO DE MANZANA 20CL SR 12U,D131,0001,CAJ,1172,"ECKES GRANINI IBERICA, S.A.",ZCG
0ZU0267,PAGO MELOCOTON 33CL PET 12U,D131,0001,CAJ,1172,"ECKES GRANINI IBERICA, S.A.",ZCG
0ZU0268,PAGO NARANJA 33CL PET 12U,D131,0001,CAJ,1172,"ECKES GRANINI IBERICA, S.A.",ZCG
0ZU0269,PAGO NARANJA-ZANAH-LIMÓN  33CL PET 12U,D131,0001,CAJ,1172,"ECKES GRANINI IBERICA, S.A.",ZCG
0ZU0270,PAGO PIÑA  100% NATURAL 33CL PET 12U,D131,0001,CAJ,1172,"ECKES GRANINI IBERICA, S.A.",ZCG
0ZU0271,GRANINI LIMONADA 20CL 24U,D131,0001,CAJ,1172,"ECKES GRANINI IBERICA, S.A.",ZCG
0ZU0273,JUVER DISFRU. MELOCOTO SLIM S/AZU 1L 12U,D131,0001,CAJ,30451,"JUVER ALIMENTACION, S.L.",ZCG
0ZU0274,JUVER DISFRU PIÑA SLIM S/AZUCAR 1L 12U,D131,0001,CAJ,30451,"JUVER ALIMENTACION, S.L.",ZCG
0ZU0276,JUVER DISFRUTA PIÑA 20CL MB 30U,D131,0001,CAJ,30451,"JUVER ALIMENTACION, S.L.",ZCG
0ZU0277,JUVER DISFRUTA MELOCOTON 20CL MB 30U,D131,0001,CAJ,30451,"JUVER ALIMENTACION, S.L.",ZCG
0ZU0283,JUVER SEL. NARANJA CON PULPA 20CL 24U,D131,0001,CAJ,30451,"JUVER ALIMENTACION, S.L.",ZCG
0ZU0287,GRANINI ZANAHORIA-NARANJA 33CL 12U,D131,0001,CAJ,1172,"ECKES GRANINI IBERICA, S.A.",ZCG
0ZU0309,PAGO ACE 1L PET 6U,D131,0001,CAJ,1172,"ECKES GRANINI IBERICA, S.A.",ZCG
0ZU0311,PAGO NARANJA   1L PET 6U,D131,0001,CAJ,1172,"ECKES GRANINI IBERICA, S.A.",ZCG
0ZU0405,GRANINI INMUNE ZAN/NARJ NUEVA FORM 1L 6U,D131,0001,CAJ,1172,"ECKES GRANINI IBERICA, S.A.",ZCG
0ZU0408,GRANINI 100% TOMATE 1L PET 6U,D131,0001,CAJ,1172,"ECKES GRANINI IBERICA, S.A.",ZCG
0ZU0599,PAGO LIMONADA 20CL SR 12U,D131,0001,CAJ,1172,"ECKES GRANINI IBERICA, S.A.",ZCG
0ZU0734,GRANINI PITAYA-GUAYABA 20CL 24U,D131,0001,CAJ,1172,"ECKES GRANINI IBERICA, S.A.",ZCG
0ZU0740,HOHES C VITAMIN W&F REVITALIZ PET 500 6U,D131,0001,CAJ,1172,"ECKES GRANINI IBERICA, S.A.",ZCG
0ZU0741,HOHES C VITAMIN W&F ANTIOX PET 500 6U,D131,0001,CAJ,1172,"ECKES GRANINI IBERICA, S.A.",ZCG
0ZU0742,HOHES C VITAMIN W&F ENERGY PET 500 6U,D131,0001,CAJ,1172,"ECKES GRANINI IBERICA, S.A.",ZCG
0ZU0743,JUVER DISFRU. NARANJA ESP SLIM 1L 12U,D131,0001,CAJ,30451,"JUVER ALIMENTACION, S.L.",ZCG
0ZU0754,GRANINI PIÑA 3X20CL MINIBRICK 30U,D131,0001,CAJ,1172,"ECKES GRANINI IBERICA, S.A.",ZCG
0ZU0755,GRANINI MELOCOTON 3X20CL MINIBRICK 30U,D131,0001,CAJ,1172,"ECKES GRANINI IBERICA, S.A.",ZCG
1PLV0003,NEVERAS GRANINI,D131,0005,UN,1172,"ECKES GRANINI IBERICA, S.A.",ZCG
1PLV0011,VASO GRANINI,D131,0005,UN,15570,"COMERGRUP, S.L.",ZCG
1PLV0013,VASO CACAOLAT 6 UNIDADES,D131,,,,,PLV
1PLV0034,SERVILLETERO CACAOLAT,D131,,,,,PLV
1PLV0145,BANDEJA CACAOLAT 6x100ud,D131,,,,,PLV
1PLV0179,VASO SIDRA BALLANTINES 6U,D131,,,,,PLV
1PLV0485,COPA GINGER LICOR 43 6U,D131,0001,CAJ,17915,GRUPO CACAOLAT S.L.,ZCG
1PLV0754,XPLICIT VAJILLA C.LECHE TAZA/PLATO 12U,D131,,,,,PLV
1PLV0756,XPLICIT VAJILLA CAFÉ TAZA/PLATO 12U,D131,,,,,PLV
1PLV0758,XPLICIT VAJILLA CORTADO TAZA/PLATO 12U,D131,,,,,PLV
1PLV1120,EXPOSITOR MADERA MOMENT TEA,D131,,,,,PLV
1PLV1138,BONKA ESSENTIA SERVILLETERO HOJALATA,D131,,,,,PLV
1PLV1141,MOMENT TEA TAZA PORCELANA 6U,D131,,,,,PLV
1PLV1156,VASO CHUPITO FROSTED VILLA MASSA 6U,D131,,,,,PLV
1PLV1157,FERRER KIT BABERO CALÇOTS 12U,D131,,,,,PLV
1PLV1159,CACAOLAT WELCOME PACK,D131,,,,,PLV
1PLV230,JARRA LECHE LETONA 1U,D131,,,,,PLV
1PLV635,BONKA TAZA CAFE SOLO 6U,D131,,,,,PLV
1PLV636,BONKA TAZA CAFE CORTADO 6U,D131,,,,,PLV
1PLV637,BONKA TAZA CAFE CON LECHE 6U,D131,,,,,PLV
1PLV971,BONKA PLATOS SUELTOS CAFÉ/CORTADO 6U,D131,,,,,PLV
1PLV972,BONKA PLATOS SUELTOS CAFÉ LECHE 6U,D131,,,,,PLV
1PLV986,COPA VINO 53CL GENÉRICA 6U,D131,,,,,PLV
1PLV994,JARRA LECHE LEVANTINA 1U,D131,,,,,PLV
1PLV995,JARRA LECHE LETONA SIN LACTOSA 1U,D131,,,,,PLV
3ENV0017,C.C.COBEGA VR35/VR30,D131,,,,,ENVASE
3ENV0021,CAJA+BOTELLA COLA VR237,D131,,,,,ENVASE
3ENV0023,CAJA BOTELLA SPRITE VR20,D131,,,,,ENVASE
3ENV0029,C.C. CACAOLAT 30 U.,D131,,,,,ENVASE
3ENV0033,C.C. GVC 330 MALAVELLA/1881,D131,,,,,ENVASE
3ENV0038,C.C.GASEOSA 1/2 FUENTPINOS     ,D131,,,,,ENVASE
3ENV0040,C.C. AGUA 1/4 VICHY-FONT D'OR,D131,0005,CAJ,30399,PREMIUM MIX GROUP S.L,ZCG
3ENV0041,C.C. AGUA 1/2 VICHY-FONT D'OR,D131,,,,,ENVASE
3ENV0042,C.C. AGUA 1/1 VICHY-FONT D'OR,D131,,,,,ENVASE
3ENV0044,C.C. SIFON,D131,,,,,ENVASE
3ENV0053,BOTELLA LETONA VIDR,D131,,,,,ENVASE
3ENV0054,ENVASE GARRAFA FONT D'OR 8L,D131,,,,,ENVASE
3ENV0055,PLASTICO COCA COLA VR20/237,D131,,,,,ENVASE
3ENV0058,C.C. 1/2 FONT D'OR MAXIMUM,D131,,,,,ENVASE
3ENV0059,C.C. 1/1 FONT D'OR MAXIMUM,D131,,,,,ENVASE
3ENV0060,C.C.GASEOSA ZALA SANMY 1/2,D131,,,,,ENVASE
3ENV0062,BOTELLA CACAOLAT,D131,,,,,ENVASE
3ENV0063,PLASTICO LECHE LETONA,D131,,,,,ENVASE
3ENV0067,PLASTICO CACAOLAT (30U),D131,,,,,ENVASE
3ENV0073,BOTELLA Vichy-1/4,D131,,,,,ENVASE
3ENV0077,PLASTICO GASEOSA 1/2,D131,,,,,ENVASE
3ENV0078,CAJA + ENVASE SCHWEPPES 24,D131,,,,,ENVASE
3ENV0085,PLASTICO AGUA 1/2 G. VICHY,D131,,,,,ENVASE
3ENV0093,PALETS EURO,D131,,,,,ENVASE
3ENV0099,PALET R 120X80 CHEP STAND,D131,,,,,ENVASE
3ENV0236,C.C. AGUA 1/3 VICHY-FONT D'OR,D131,0001,CAJ,30399,PREMIUM MIX GROUP S.L,AA
3ENV0576,CAJA + BOTELLAS MALAVELLA 30CL,D131,,,,,ENVASE
3ENV075,CC GASOSA CASA NEGRE 1/1,D131,,,,,ENVASE
3ENV1281,C.C. LECHE LETONA (NUEVO),D131,,,,,ENVASE
3ENV1295,CC GASOSA CASA NEGRE 1/2,D131,,,,,ENVASE
AK13SR,AK DAMM 1/3 SIN RETORNO,D131,0001,CAJ,5001,S.A. DAMM,DB03A3
BH13P6,BOHEMIA DAMM 1/3SR CESTA 6U.150ANIV.,D131,0001,CAJ,5001,S.A. DAMM,DB04A3
BO13,BOCK-DAMM 1/3 RET.,D131,0001,CAJ,5001,S.A. DAMM,BA07A3
BO20,BOCK DAMM BARRIL 20L.,D131,0001,BRL,5001,S.A. DAMM,AC02A2
BRL20V,BARRIL INOX 20L. TANQUETA A16,D131,,,,,ENVASE
BRL30V,BARRIL INOX 30L. EURONORMA,D131,,,,,ENVASE
BT12V,BOTELLA 1/2 RET. VERI,D131,,,,,ENVASE
BT13,BOTELLAS 1/3,D131,,,,,ENVASE
CB30,CARLSBERG BARRIL 30,D131,0001,BRL,5001,S.A. DAMM,AC01A3
CJ11V,CAJAS COMPLETAS 1/1 V,D131,,,,,ENVASE
CJ12V,CAJAS COMPLETAS 1/2 V,D131,,,,,ENVASE
CJ13,CAJA DAMM+BOT.1/3RET VACIO EN P.PLAS.A13,D131,,,,,ENVASE
CJ13V,CAJAS COMPLETAS 1/3 V,D131,,,,,ENVASE
CJ15,CAJA DAMM+BOT.1/5RET VACIO EN P.PLAS.A13,D131,,,,,ENVASE
CM13,COMPLOT IPA 1/3 RET,D131,0001,CAJ,5001,S.A. DAMM,BA07A4
CM13P6,COMPLOT 1/3 SR PACK CESTA ABIERTA 6U.,D131,0001,CAJ,5001,S.A. DAMM,DB04A1
CM20,COMPLOT BARRIL 20L.,D131,0001,BRL,5001,S.A. DAMM,AC01A2
DL13,DAMM LEMON 1/3 RET,D131,0001,CAJ,5001,S.A. DAMM,AA02A1
DL13LT,DAMM LEMON 1/3 LATA LC,D131,0001,CAJ,5001,S.A. DAMM,CA02A3
DL20,DAMM LEMON BARRIL 20L.,D131,0001,BRL,5001,S.A. DAMM,AC03A3
DL30,DAMM LEMON BARRIL 30,D131,0001,BRL,5001,S.A. DAMM,AC04A1
DM13P6,DAURA MARZEN 1/3SR PACK CESTA ABIERTA 6U,D131,0001,CAJ,5001,S.A. DAMM,A0DISTRIDA
EC13,DAURA DAMM 1/3 RET.,D131,0001,CAJ,5001,S.A. DAMM,BA05A1
EC13LT,DAURA DAMM 1/3 LATA LC,D131,0001,CAJ,5001,S.A. DAMM,CA03A1
EC13P6,DAURA DAMM 1/3 SR PACK CESTA ABIERTA 6U.,D131,0001,CAJ,5001,S.A. DAMM,DB03A2
ED13,ESTRELLA DAMM 1/3 RET. PP,D131,0001,CAJ,5001,S.A. DAMM,AA09A1
ED13LT,ESTRELLA DAMM 1/3 LATA,D131,0001,CAJ,5001,S.A. DAMM,CA01A1
ED13SR,ESTRELLA DAMM 1/3 SIN RETORNO,D131,0001,CAJ,5001,S.A. DAMM,BA03A3
ED14P6,ESTRELLA DAMM 1/4 PACK SEMICERRADO 6U.,D131,0001,CAJ,5001,S.A. DAMM,DB04A3
ED15LN,ESTRELLA DAMM 1/5 LN,D131,0001,CAJ,5001,S.A. DAMM,AA08A1
ED30,ESTRELLA DAMM BARRIL 30,D131,0001,BRL,5001,S.A. DAMM,AA10A1
EDI13P6,INEDIT DAMM 1/3 SR CESTA ABIERTA 2X3,D131,0001,CAJ,5001,S.A. DAMM,DB02B1
EDI34SR,INEDIT DAMM 3/4 SR CAJA 12U.,D131,0001,CAJ,5001,S.A. DAMM,DB01B1
FD13,FREE DAMM 1/3 RET.,D131,0001,CAJ,5001,S.A. DAMM,AA06A1
FD13LT,FREE DAMM 1/3 LATA LC,D131,0001,CAJ,5001,S.A. DAMM,CA01A3
FD14P6,FREE DAMM 1/4 PACK 6U.,D131,0001,CAJ,5001,S.A. DAMM,DB02A3
FD15,FREE DAMM 1/5 LN RET.,D131,0001,CAJ,5001,S.A. DAMM,BA06A2
FDL13,FREE DAMM LIMON 1/3 RET. PP,D131,0001,CAJ,5001,S.A. DAMM,AA05A1
FDL13LT,FREE DAMM LIMON 1/3 LATA,D131,0001,CAJ,5001,S.A. DAMM,CA02A3
FDL15,FREE DAMM LIMON 1/5 RET. PP,D131,0001,CAJ,5001,S.A. DAMM,BA07A1
FDT13,FREE DAMM TOSTADA 1/3 RET. PP,D131,0001,CAJ,5001,S.A. DAMM,AA04A1
FDT13LT,FREE DAMM TOSTADA 1/3 LATA LC,D131,0001,CAJ,5001,S.A. DAMM,CA03A1
FDT15,FREE DAMM TOSTADA 1/5 RET.,D131,0001,CAJ,5001,S.A. DAMM,BA07A4
FTB15B24,FEVERTREE GINGER BEER 1/5 BANDEJA 24U.,D131,0001,CAJ,5001,S.A. DAMM,A0DISTRIDA
FTE15B24,FEVERTREE ELDERFLOWER TONIC 1/5 BAND-24U,D131,0001,CAJ,5001,S.A. DAMM,A0DISTRIDA
FTG15B24,FEVERTREE GINGER ALE 1/5 BJ-24U.,D131,0001,CAJ,5001,S.A. DAMM,A0DISTRIDA
FTI14L12,FEVERTREE INDIAN TONIC 1/4 LATA BAND-12U,D131,0001,CAJ,5001,S.A. DAMM,CA07A2
FTI15B24,FEVERTREE INDIAN TONIC 1/5 BAND-24U.,D131,0001,CAJ,5001,S.A. DAMM,DB01A3
FTM15B24,FEVERTREE MEDITERRANEAN TONIC 1/5 B-24U.,D131,0001,CAJ,5001,S.A. DAMM,DB01C3
FTR15B24,FEVERTREE RASPBERRY 1/5 BJ-24U.,D131,0001,CAJ,5001,S.A. DAMM,A0DISTRIDA
FTS15B24,FEVERTREE SODA WATER 1/5 BANDEJA 24U.,D131,0001,CAJ,5001,S.A. DAMM,A0DISTRIDA
FTZ15B24,FEVERTREE SICILIAN LEMONADE 1/5 BJ-24U.,D131,0001,CAJ,5001,S.A. DAMM,A0DISTRIDA
GBD20,GRIMBERGEN DOUBLE AMBREE BARRIL 20L. RET,D131,0001,BRL,5001,S.A. DAMM,AC01A2
GCE3KLT,GARRIGA COLOMBIA FAIRTRADE ECO TOLVA 3KG,D131,,,,,ZCG
ID20,INEDIT DAMM BARRIL 20L,D131,0001,BRL,5001,S.A. DAMM,AC01A1
KE13,KELER 33 CL RET. PP,D131,0001,CAJ,5001,S.A. DAMM,BA05A2
NTF13B24,NESTEA F.ROJOS 33CL SR BANDEJA 24U. HT,D131,0001,CAJ,5001,S.A. DAMM,A0DISTRIDA
NTF13L6F,NESTEA F.ROJOS 33CL LATA 4U-P6U SDR HT,D131,0001,CAJ,5001,S.A. DAMM,A0DISTRIDA
NTL12P24,NESTEA LIMON 1/2 SR PET 24U. P.HT,D131,0001,CAJ,5001,S.A. DAMM,EA07B3
NTL13B24,NESTEA LIMON 1/3 SR BANDEJA 24U. P.HT,D131,0001,CAJ,5001,S.A. DAMM,DB07A1
NTL13LT6,NESTEA LIMON 1/3 LATA 4U-PACK 6U.,D131,0001,CAJ,5001,S.A. DAMM,CB06A2
NTL32SP6,NESTEA LIMON 3/2 SR PET 6U.,D131,0001,CAJ,5001,S.A. DAMM,A0DISTRIDA
NTM13LT6,NESTEA MELOCOTON 1/3 LATA 4U-PACK 6U.P.H,D131,0001,CAJ,5001,S.A. DAMM,A0DISTRIDA
NTP13LT6,NESTEA MANGO-PIÑA 1/3 LATA 4U-PACK 6U HT,D131,0001,CAJ,5001,S.A. DAMM,A0DISTRIDA
NTS13LT6,NESTEA LIMON SIN 1/3 LATA 4U-PACK 6U,D131,0001,CAJ,5001,S.A. DAMM,A0DISTRIDA
NTY1224F,NESTEA TE VERDE MARACUYA1/2SR PET 24U.HT,D131,0001,CAJ,5001,S.A. DAMM,DA01A2
NTY13B24,NESTEA TE VERDE MARACUYA 1/3SR B24U P.HT,D131,0001,CAJ,5001,S.A. DAMM,DB07A3
NTY13LT6,NESTEA TE VERDE MARACUYA1/3LATA 4U-P6UHT,D131,0001,CAJ,5001,S.A. DAMM,DA01A1
NTY32SP6,NESTEA TE VERDE MARACUYA 3/2SR PET 6U.HT,D131,0001,CAJ,5001,S.A. DAMM,DA01A2
OL13,ORO 1/3 RET.,D131,0001,CAJ,5001,S.A. DAMM,BA07A2
PI12,AGUA PIRINEA 1/2 GAS RET,D131,0001,CAJ,5001,S.A. DAMM,BA04A1
PI13,AGUA PIRINEA 1/3 GAS RET,D131,0001,CAJ,5001,S.A. DAMM,BA04A2
PL11V,PLASTICOS SIN BOT.1/1 V,D131,,,,,ENVASE
PL12V,PLASTICOS SIN BOT.1/2 V,D131,,,,,ENVASE
PL13LN,PLASTICOS SIN BOTELLAS 1/3 LN,D131,,,,,ENVASE
PL15,EUROCAJA 1/5 DAMM VACIA 30U. P.PLAST.A13,D131,,,,,ENVASE
RA30,RADEBERGER BARRIL 30,D131,0001,BRL,5001,S.A. DAMM,A0DISTRIDA
RB13,ROSA BLANCA 1/3 RET.,D131,0001,CAJ,5001,S.A. DAMM,BA07A4
SG30,SUREO SANGRIA BARRIL 30L.,D131,0001,BRL,5001,S.A. DAMM,A0DISTRIDA
TB8,BOTELLAS CARBONICO 8 KILOS,D131,0001,TB,5001,S.A. DAMM,AC01A1
TB8V,BOTELLAS CARBONICO 8 KG.VACIOS,D131,,,,,ENVASE
TL30,SUREO TINTO LIMON BARRIL 30L.,D131,0001,BRL,5001,S.A. DAMM,A0DISTRIDA
TU13,TURIA 1/3 RET.,D131,0001,CAJ,5001,S.A. DAMM,AA03A1
TU13LT,TURIA 1/3 LATA,D131,0001,CAJ,5001,S.A. DAMM,CA03A2
TU20,TURIA BARRIL 20L.,D131,0001,BRL,5001,S.A. DAMM,AC03A2
TU30,TURIA BARRIL 30L.,D131,0001,BRL,5001,S.A. DAMM,AC04A2
UBH01,COPA 33 CL BH,D131,,,,,PLV
UC010,ABRIDOR NORMAL ED,D131,,,,,PLV
UC260,PIZARRA ED,D131,,,,,PLV
UC263,PIZARRA CON SOPORTE ED,D131,,,,,PLV
UC301,SERVILLETERO METALICO ED,D131,,,,,PLV
UC406N,ABRIDOR MOSTRADOR ED,D131,,,,,PLV
UE050,VASO CAÑA GASTRO 25CL ED CAT,D131,,,,,PLV
UE902,COPA GRANDE ED,D131,,,,,PLV
UE903,COPA PEQUEÑA ED,D131,,,,,PLV
UE905,JARRA GRANDE ED,D131,,,,,PLV
UE906,JARRA PEQUEÑA ED,D131,,,,,PLV
UE926CATN,POSAVASOS ED CAT,D131,,,,,PLV
UE940CAT,PIZARRA SOPORTE ED CAT,D131,,,,,PLV
UE975,VASO PAPEL ED 33CL,D131,0001,UN,5001,S.A. DAMM,FA01A3
UF058,MESA PLASTICO ED,D131,,,,,PLV
UF070,SILLA PLASTICO ED,D131,,,,,PLV
UF078,SILLA ALUMINIO ED,D131,,,,,PLV
UGA0033,VAJILLA CAFE/LECHE GRANA 12 JUEG. GA,D131,,,,,PLV
UGA0034,VAJILLA CORTADO GRANA 12 JUEG. GA,D131,,,,,PLV
UGA0035,VAJILLA CAFE GRANA 12 JUEG. GA,D131,,,,,PLV
UGA0048,TAZA TE GARRIGA,D131,,,,,PLV
UGA0051,VAJILLA ECO CAFE NEGRO 12 JUEG. GA,D131,,,,,PLV
UGA0052,VAJILLA ECO CAFE CON LECHE 12 JUEG. GA,D131,,,,,PLV
UGA0053,VAJILLA ECO CORTADO 12 JUEG. GA,D131,,,,,PLV
UI044,VASO 33 CL INEDIT,D131,,,,,PLV
UT302,COPA 30 CL TURIA,D131,,,,,PLV
UT312,SERVILLETERO METÁLICO TU,D131,,,,,PLV
UV105,COPA VOLL-DAMM GRANDE,D131,,,,,PLV
VE11,AGUA VERI 1/1 VIDRIO RET.,D131,0001,CAJ,5001,S.A. DAMM,AA11A1
VE11SPC,AGUA VERI 1/1 PET CAJA 12U. TREKKING,D131,0001,CAJ,5001,S.A. DAMM,A0DISTRIDA
VE12,AGUA VERI 1/2 VIDRIO RET.,D131,0001,CAJ,5001,S.A. DAMM,AA12A1
VE12SP,AGUA VERI 1/2 PET CAJA 24U. T.TH,D131,0001,CAJ,5001,S.A. DAMM,EB03A1
VE12TSP,AGUA VERI 1/2 TREKKING 100%R-PET CJ-24U.,D131,0001,CAJ,5001,S.A. DAMM,EB03A1
VE13,AGUA VERI 1/3 VIDRIO RET.,D131,0001,CAJ,5001,S.A. DAMM,BA03A2
VE13SP,AGUA VERI 1/3 PET CAJA 35U. T.TH,D131,0001,CAJ,5001,S.A. DAMM,EB04A1
VE32P6,"AGUA VERI 1,5L PET PACK 6U.",D131,0001,CAJ,5001,S.A. DAMM,EB05A1
VE32SP,"AGUA VERI 1,5L PET CAJA 12U.",D131,0001,CAJ,5001,S.A. DAMM,EB02A1
VE51SP,AGUA VERI 5/1 CAJA 3U.,D131,0001,CAJ,5001,S.A. DAMM,BC04A3
VI13,VICTORIA 1/3 RET.,D131,0001,CAJ,5001,S.A. DAMM,AA01A1
VO13,VOLL-DAMM 1/3 RET.,D131,0001,CAJ,5001,S.A. DAMM,AA07A1
VO13LT,VOLL DAMM 1/3 LATA LC,D131,0001,CAJ,5001,S.A. DAMM,CA01A2
VO14P6,VOLL-DAMM 1/4 PACK 6U.,D131,0001,CAJ,5001,S.A. DAMM,DB02A2
VO15LN,VOLL DAMM 1/5 LN,D131,0001,CAJ,5001,S.A. DAMM,BA06A1
VO20,VOLL DAMM BARRIL 20L.,D131,0001,BRL,5001,S.A. DAMM,AC03A1
VO30,VOLL-DAMM BARRIL 30,D131,0001,BRL,5001,S.A. DAMM,AC02A3
XI13,XIBECA 5% 1/3 RET,D131,0001,CAJ,5001,S.A. DAMM,BA05A3
